provenance,object,kind,rls,force_rls,policy_count,current_runtime_status
INHERITED_DB1:catalog-default.json,AdminSession,r,False,False,see_original_policy_matrix,BLOCKED_before_migration
INHERITED_DB1:catalog-default.json,ApiClient,r,False,False,see_original_policy_matrix,BLOCKED_before_migration
INHERITED_DB1:catalog-default.json,ApiKey,r,False,False,see_original_policy_matrix,BLOCKED_before_migration
INHERITED_DB1:catalog-default.json,AuditLog,r,False,False,see_original_policy_matrix,BLOCKED_before_migration
INHERITED_DB1:catalog-default.json,Card,r,False,False,see_original_policy_matrix,BLOCKED_before_migration
INHERITED_DB1:catalog-default.json,CardBalance,r,False,False,see_original_policy_matrix,BLOCKED_before_migration
INHERITED_DB1:catalog-default.json,CardEvent,r,False,False,see_original_policy_matrix,BLOCKED_before_migration
INHERITED_DB1:catalog-default.json,CardHolder,r,False,False,see_original_policy_matrix,BLOCKED_before_migration
INHERITED_DB1:catalog-default.json,CardLifecycleEvent,r,False,False,see_original_policy_matrix,BLOCKED_before_migration
INHERITED_DB1:catalog-default.json,CardLimit,r,False,False,see_original_policy_matrix,BLOCKED_before_migration
INHERITED_DB1:catalog-default.json,CardRenewal,r,False,False,see_original_policy_matrix,BLOCKED_before_migration
INHERITED_DB1:catalog-default.json,CardReplacement,r,False,False,see_original_policy_matrix,BLOCKED_before_migration
INHERITED_DB1:catalog-default.json,CardRestriction,r,False,False,see_original_policy_matrix,BLOCKED_before_migration
INHERITED_DB1:catalog-default.json,CardSecurityProfile,r,False,False,see_original_policy_matrix,BLOCKED_before_migration
INHERITED_DB1:catalog-default.json,CardTransaction,r,False,False,see_original_policy_matrix,BLOCKED_before_migration
INHERITED_DB1:catalog-default.json,Customer,r,False,False,see_original_policy_matrix,BLOCKED_before_migration
INHERITED_DB1:catalog-default.json,EndUserRefreshToken,r,False,False,see_original_policy_matrix,BLOCKED_before_migration
INHERITED_DB1:catalog-default.json,EndUserSession,r,False,False,see_original_policy_matrix,BLOCKED_before_migration
INHERITED_DB1:catalog-default.json,EvidenceArtifact,r,False,False,see_original_policy_matrix,BLOCKED_before_migration
INHERITED_DB1:catalog-default.json,FxConversion,r,False,False,see_original_policy_matrix,BLOCKED_before_migration
INHERITED_DB1:catalog-default.json,FxOrder,r,False,False,see_original_policy_matrix,BLOCKED_before_migration
INHERITED_DB1:catalog-default.json,FxRate,r,False,False,see_original_policy_matrix,BLOCKED_before_migration
INHERITED_DB1:catalog-default.json,Journal,r,False,False,see_original_policy_matrix,BLOCKED_before_migration
INHERITED_DB1:catalog-default.json,JournalEntry,r,False,False,see_original_policy_matrix,BLOCKED_before_migration
INHERITED_DB1:catalog-default.json,Merchant,r,False,False,see_original_policy_matrix,BLOCKED_before_migration
INHERITED_DB1:catalog-default.json,MerchantPayment,r,False,False,see_original_policy_matrix,BLOCKED_before_migration
INHERITED_DB1:catalog-default.json,MerchantQrCode,r,False,False,see_original_policy_matrix,BLOCKED_before_migration
INHERITED_DB1:catalog-default.json,Permission,r,False,False,see_original_policy_matrix,BLOCKED_before_migration
INHERITED_DB1:catalog-default.json,ProviderOperation,r,False,False,see_original_policy_matrix,BLOCKED_before_migration
INHERITED_DB1:catalog-default.json,Role,r,False,False,see_original_policy_matrix,BLOCKED_before_migration
INHERITED_DB1:catalog-default.json,RolePermission,r,False,False,see_original_policy_matrix,BLOCKED_before_migration
INHERITED_DB1:catalog-default.json,SettlementBatch,r,False,False,see_original_policy_matrix,BLOCKED_before_migration
INHERITED_DB1:catalog-default.json,SettlementItem,r,False,False,see_original_policy_matrix,BLOCKED_before_migration
INHERITED_DB1:catalog-default.json,SimulationRecord,r,False,False,see_original_policy_matrix,BLOCKED_before_migration
INHERITED_DB1:catalog-default.json,SimulationScenario,r,False,False,see_original_policy_matrix,BLOCKED_before_migration
INHERITED_DB1:catalog-default.json,Tenant,r,False,False,see_original_policy_matrix,BLOCKED_before_migration
INHERITED_DB1:catalog-default.json,TenantCardProviderConfig,r,False,False,see_original_policy_matrix,BLOCKED_before_migration
INHERITED_DB1:catalog-default.json,TenantUser,r,False,False,see_original_policy_matrix,BLOCKED_before_migration
INHERITED_DB1:catalog-default.json,TenantUserRole,r,False,False,see_original_policy_matrix,BLOCKED_before_migration
INHERITED_DB1:catalog-default.json,TreasuryPosition,r,False,False,see_original_policy_matrix,BLOCKED_before_migration
INHERITED_DB1:catalog-default.json,WalletAccount,r,False,False,see_original_policy_matrix,BLOCKED_before_migration
INHERITED_DB1:catalog-default.json,WalletOperation,r,False,False,see_original_policy_matrix,BLOCKED_before_migration
INHERITED_DB1:catalog-default.json,WalletTransaction,r,False,False,see_original_policy_matrix,BLOCKED_before_migration
INHERITED_DB1:catalog-default.json,WebhookEvent,r,False,False,see_original_policy_matrix,BLOCKED_before_migration
INHERITED_DB1:catalog-default.json,WithdrawalAddress,r,False,False,see_original_policy_matrix,BLOCKED_before_migration
INHERITED_DB1:catalog-default.json,_prisma_migrations,r,False,False,see_original_policy_matrix,BLOCKED_before_migration
INHERITED_DB1:catalog-default.json,tenant_third_party_config,r,False,False,see_original_policy_matrix,BLOCKED_before_migration
INHERITED_DB1:catalog-default.json,third_party_asset_orders,r,False,False,see_original_policy_matrix,BLOCKED_before_migration
INHERITED_DB1:catalog-default.json,third_party_callback_events,r,False,False,see_original_policy_matrix,BLOCKED_before_migration
INHERITED_DB1:catalog-default.json,treasury_accounts,r,False,False,see_original_policy_matrix,BLOCKED_before_migration
INHERITED_DB1:catalog-default.json,treasury_fx_orders,r,False,False,see_original_policy_matrix,BLOCKED_before_migration
INHERITED_DB1:catalog-default.json,treasury_operation_logs,r,False,False,see_original_policy_matrix,BLOCKED_before_migration
INHERITED_DB1:catalog-default.json,treasury_settlements,r,False,False,see_original_policy_matrix,BLOCKED_before_migration
INHERITED_DB1:catalog-default.json,ucard_card_base,r,False,False,see_original_policy_matrix,BLOCKED_before_migration
INHERITED_DB1:catalog-default.json,ucard_transactions,r,False,False,see_original_policy_matrix,BLOCKED_before_migration
INHERITED_DB1:catalog-uat-partial.json,AdminSession,r,False,False,see_original_policy_matrix,BLOCKED_before_migration
INHERITED_DB1:catalog-uat-partial.json,ApiClient,r,False,False,see_original_policy_matrix,BLOCKED_before_migration
INHERITED_DB1:catalog-uat-partial.json,ApiKey,r,False,False,see_original_policy_matrix,BLOCKED_before_migration
INHERITED_DB1:catalog-uat-partial.json,AuditLog,r,False,False,see_original_policy_matrix,BLOCKED_before_migration
INHERITED_DB1:catalog-uat-partial.json,Card,r,False,False,see_original_policy_matrix,BLOCKED_before_migration
INHERITED_DB1:catalog-uat-partial.json,CardBalance,r,False,False,see_original_policy_matrix,BLOCKED_before_migration
INHERITED_DB1:catalog-uat-partial.json,CardEvent,r,False,False,see_original_policy_matrix,BLOCKED_before_migration
INHERITED_DB1:catalog-uat-partial.json,CardHolder,r,False,False,see_original_policy_matrix,BLOCKED_before_migration
INHERITED_DB1:catalog-uat-partial.json,CardLifecycleEvent,r,False,False,see_original_policy_matrix,BLOCKED_before_migration
INHERITED_DB1:catalog-uat-partial.json,CardLimit,r,False,False,see_original_policy_matrix,BLOCKED_before_migration
INHERITED_DB1:catalog-uat-partial.json,CardRenewal,r,False,False,see_original_policy_matrix,BLOCKED_before_migration
INHERITED_DB1:catalog-uat-partial.json,CardReplacement,r,False,False,see_original_policy_matrix,BLOCKED_before_migration
INHERITED_DB1:catalog-uat-partial.json,CardRestriction,r,False,False,see_original_policy_matrix,BLOCKED_before_migration
INHERITED_DB1:catalog-uat-partial.json,CardSecurityProfile,r,False,False,see_original_policy_matrix,BLOCKED_before_migration
INHERITED_DB1:catalog-uat-partial.json,CardTransaction,r,False,False,see_original_policy_matrix,BLOCKED_before_migration
INHERITED_DB1:catalog-uat-partial.json,Customer,r,True,True,see_original_policy_matrix,BLOCKED_before_migration
INHERITED_DB1:catalog-uat-partial.json,EndUserRefreshToken,r,True,True,see_original_policy_matrix,BLOCKED_before_migration
INHERITED_DB1:catalog-uat-partial.json,EndUserSession,r,True,True,see_original_policy_matrix,BLOCKED_before_migration
INHERITED_DB1:catalog-uat-partial.json,EvidenceArtifact,r,False,False,see_original_policy_matrix,BLOCKED_before_migration
INHERITED_DB1:catalog-uat-partial.json,FxConversion,r,False,False,see_original_policy_matrix,BLOCKED_before_migration
INHERITED_DB1:catalog-uat-partial.json,FxOrder,r,False,False,see_original_policy_matrix,BLOCKED_before_migration
INHERITED_DB1:catalog-uat-partial.json,FxRate,r,False,False,see_original_policy_matrix,BLOCKED_before_migration
INHERITED_DB1:catalog-uat-partial.json,Journal,r,False,False,see_original_policy_matrix,BLOCKED_before_migration
INHERITED_DB1:catalog-uat-partial.json,JournalEntry,r,False,False,see_original_policy_matrix,BLOCKED_before_migration
INHERITED_DB1:catalog-uat-partial.json,Merchant,r,False,False,see_original_policy_matrix,BLOCKED_before_migration
INHERITED_DB1:catalog-uat-partial.json,MerchantPayment,r,False,False,see_original_policy_matrix,BLOCKED_before_migration
INHERITED_DB1:catalog-uat-partial.json,MerchantQrCode,r,False,False,see_original_policy_matrix,BLOCKED_before_migration
INHERITED_DB1:catalog-uat-partial.json,Permission,r,False,False,see_original_policy_matrix,BLOCKED_before_migration
INHERITED_DB1:catalog-uat-partial.json,ProviderOperation,r,False,False,see_original_policy_matrix,BLOCKED_before_migration
INHERITED_DB1:catalog-uat-partial.json,Role,r,False,False,see_original_policy_matrix,BLOCKED_before_migration
INHERITED_DB1:catalog-uat-partial.json,RolePermission,r,False,False,see_original_policy_matrix,BLOCKED_before_migration
INHERITED_DB1:catalog-uat-partial.json,SettlementBatch,r,False,False,see_original_policy_matrix,BLOCKED_before_migration
INHERITED_DB1:catalog-uat-partial.json,SettlementItem,r,False,False,see_original_policy_matrix,BLOCKED_before_migration
INHERITED_DB1:catalog-uat-partial.json,SimulationRecord,r,True,True,see_original_policy_matrix,BLOCKED_before_migration
INHERITED_DB1:catalog-uat-partial.json,SimulationScenario,r,True,True,see_original_policy_matrix,BLOCKED_before_migration
INHERITED_DB1:catalog-uat-partial.json,Tenant,r,True,True,see_original_policy_matrix,BLOCKED_before_migration
INHERITED_DB1:catalog-uat-partial.json,TenantUser,r,False,False,see_original_policy_matrix,BLOCKED_before_migration
INHERITED_DB1:catalog-uat-partial.json,TenantUserRole,r,False,False,see_original_policy_matrix,BLOCKED_before_migration
INHERITED_DB1:catalog-uat-partial.json,TreasuryPosition,r,False,False,see_original_policy_matrix,BLOCKED_before_migration
INHERITED_DB1:catalog-uat-partial.json,WalletAccount,r,False,False,see_original_policy_matrix,BLOCKED_before_migration
INHERITED_DB1:catalog-uat-partial.json,WalletOperation,r,False,False,see_original_policy_matrix,BLOCKED_before_migration
INHERITED_DB1:catalog-uat-partial.json,WalletTransaction,r,False,False,see_original_policy_matrix,BLOCKED_before_migration
INHERITED_DB1:catalog-uat-partial.json,WebhookEvent,r,False,False,see_original_policy_matrix,BLOCKED_before_migration
INHERITED_DB1:catalog-uat-partial.json,WithdrawalAddress,r,False,False,see_original_policy_matrix,BLOCKED_before_migration
INHERITED_DB1:catalog-uat-partial.json,_prisma_migrations,r,False,False,see_original_policy_matrix,BLOCKED_before_migration
INHERITED_DB1:catalog-uat-partial.json,tenant_third_party_config,r,False,False,see_original_policy_matrix,BLOCKED_before_migration
INHERITED_DB1:catalog-uat-partial.json,third_party_asset_orders,r,False,False,see_original_policy_matrix,BLOCKED_before_migration
INHERITED_DB1:catalog-uat-partial.json,third_party_callback_events,r,False,False,see_original_policy_matrix,BLOCKED_before_migration
INHERITED_DB1:catalog-uat-partial.json,treasury_accounts,r,False,False,see_original_policy_matrix,BLOCKED_before_migration
INHERITED_DB1:catalog-uat-partial.json,treasury_fx_orders,r,False,False,see_original_policy_matrix,BLOCKED_before_migration
INHERITED_DB1:catalog-uat-partial.json,treasury_operation_logs,r,False,False,see_original_policy_matrix,BLOCKED_before_migration
INHERITED_DB1:catalog-uat-partial.json,treasury_settlements,r,False,False,see_original_policy_matrix,BLOCKED_before_migration
INHERITED_DB1:catalog-uat-partial.json,ucard_card_base,r,False,False,see_original_policy_matrix,BLOCKED_before_migration
INHERITED_DB1:catalog-uat-partial.json,ucard_transactions,r,False,False,see_original_policy_matrix,BLOCKED_before_migration
