object,kind,RLS,FORCE_RLS,owner,native_policy_count,runtime_provenance
AdminSession,r,False,False,fl_db004_initializer,0,DB4 default condition current run
ApiClient,r,False,False,fl_db004_initializer,0,DB4 default condition current run
ApiKey,r,False,False,fl_db004_initializer,0,DB4 default condition current run
AuditLog,r,False,False,fl_db004_initializer,0,DB4 default condition current run
Card,r,False,False,fl_db004_initializer,0,DB4 default condition current run
CardBalance,r,False,False,fl_db004_initializer,0,DB4 default condition current run
CardEvent,r,False,False,fl_db004_initializer,0,DB4 default condition current run
CardHolder,r,False,False,fl_db004_initializer,0,DB4 default condition current run
CardLifecycleEvent,r,False,False,fl_db004_initializer,0,DB4 default condition current run
CardLimit,r,False,False,fl_db004_initializer,0,DB4 default condition current run
CardRenewal,r,False,False,fl_db004_initializer,0,DB4 default condition current run
CardReplacement,r,False,False,fl_db004_initializer,0,DB4 default condition current run
CardRestriction,r,False,False,fl_db004_initializer,0,DB4 default condition current run
CardSecurityProfile,r,False,False,fl_db004_initializer,0,DB4 default condition current run
CardTransaction,r,False,False,fl_db004_initializer,0,DB4 default condition current run
Customer,r,False,False,fl_db004_initializer,0,DB4 default condition current run
EndUserRefreshToken,r,False,False,fl_db004_initializer,0,DB4 default condition current run
EndUserSession,r,False,False,fl_db004_initializer,0,DB4 default condition current run
EvidenceArtifact,r,False,False,fl_db004_initializer,0,DB4 default condition current run
FxConversion,r,False,False,fl_db004_initializer,0,DB4 default condition current run
FxOrder,r,False,False,fl_db004_initializer,0,DB4 default condition current run
FxRate,r,False,False,fl_db004_initializer,0,DB4 default condition current run
Journal,r,False,False,fl_db004_initializer,0,DB4 default condition current run
JournalEntry,r,False,False,fl_db004_initializer,0,DB4 default condition current run
Merchant,r,False,False,fl_db004_initializer,0,DB4 default condition current run
MerchantPayment,r,False,False,fl_db004_initializer,0,DB4 default condition current run
MerchantQrCode,r,False,False,fl_db004_initializer,0,DB4 default condition current run
Permission,r,False,False,fl_db004_initializer,0,DB4 default condition current run
ProviderOperation,r,False,False,fl_db004_initializer,0,DB4 default condition current run
Role,r,False,False,fl_db004_initializer,0,DB4 default condition current run
RolePermission,r,False,False,fl_db004_initializer,0,DB4 default condition current run
SettlementBatch,r,False,False,fl_db004_initializer,0,DB4 default condition current run
SettlementItem,r,False,False,fl_db004_initializer,0,DB4 default condition current run
SimulationRecord,r,False,False,fl_db004_initializer,0,DB4 default condition current run
SimulationScenario,r,False,False,fl_db004_initializer,0,DB4 default condition current run
Tenant,r,False,False,fl_db004_initializer,0,DB4 default condition current run
TenantCardProviderConfig,r,False,False,fl_db004_initializer,0,DB4 default condition current run
TenantUser,r,False,False,fl_db004_initializer,0,DB4 default condition current run
TenantUserRole,r,False,False,fl_db004_initializer,0,DB4 default condition current run
TreasuryPosition,r,False,False,fl_db004_initializer,0,DB4 default condition current run
WalletAccount,r,False,False,fl_db004_initializer,0,DB4 default condition current run
WalletOperation,r,False,False,fl_db004_initializer,0,DB4 default condition current run
WalletTransaction,r,False,False,fl_db004_initializer,0,DB4 default condition current run
WebhookEvent,r,False,False,fl_db004_initializer,0,DB4 default condition current run
WithdrawalAddress,r,False,False,fl_db004_initializer,0,DB4 default condition current run
tenant_third_party_config,r,False,False,fl_db004_initializer,0,DB4 default condition current run
third_party_asset_orders,r,False,False,fl_db004_initializer,0,DB4 default condition current run
third_party_callback_events,r,False,False,fl_db004_initializer,0,DB4 default condition current run
treasury_accounts,r,False,False,fl_db004_initializer,0,DB4 default condition current run
treasury_fx_orders,r,False,False,fl_db004_initializer,0,DB4 default condition current run
treasury_operation_logs,r,False,False,fl_db004_initializer,0,DB4 default condition current run
treasury_settlements,r,False,False,fl_db004_initializer,0,DB4 default condition current run
ucard_card_base,r,False,False,fl_db004_initializer,0,DB4 default condition current run
ucard_transactions,r,False,False,fl_db004_initializer,0,DB4 default condition current run
