rolname,relname,schema_usage,can_select,can_insert,can_update,can_delete
fl_db004_anonymous,AdminSession,True,False,False,False,False
fl_db004_anonymous,ApiClient,True,False,False,False,False
fl_db004_anonymous,ApiKey,True,False,False,False,False
fl_db004_anonymous,AuditLog,True,False,False,False,False
fl_db004_anonymous,Card,True,False,False,False,False
fl_db004_anonymous,CardBalance,True,False,False,False,False
fl_db004_anonymous,CardEvent,True,False,False,False,False
fl_db004_anonymous,CardHolder,True,False,False,False,False
fl_db004_anonymous,CardLifecycleEvent,True,False,False,False,False
fl_db004_anonymous,CardLimit,True,False,False,False,False
fl_db004_anonymous,CardRenewal,True,False,False,False,False
fl_db004_anonymous,CardReplacement,True,False,False,False,False
fl_db004_anonymous,CardRestriction,True,False,False,False,False
fl_db004_anonymous,CardSecurityProfile,True,False,False,False,False
fl_db004_anonymous,CardTransaction,True,False,False,False,False
fl_db004_anonymous,Customer,True,False,False,False,False
fl_db004_anonymous,EndUserRefreshToken,True,False,False,False,False
fl_db004_anonymous,EndUserSession,True,False,False,False,False
fl_db004_anonymous,EvidenceArtifact,True,False,False,False,False
fl_db004_anonymous,FxConversion,True,False,False,False,False
fl_db004_anonymous,FxOrder,True,False,False,False,False
fl_db004_anonymous,FxRate,True,False,False,False,False
fl_db004_anonymous,Journal,True,False,False,False,False
fl_db004_anonymous,JournalEntry,True,False,False,False,False
fl_db004_anonymous,Merchant,True,False,False,False,False
fl_db004_anonymous,MerchantPayment,True,False,False,False,False
fl_db004_anonymous,MerchantQrCode,True,False,False,False,False
fl_db004_anonymous,Permission,True,False,False,False,False
fl_db004_anonymous,ProviderOperation,True,False,False,False,False
fl_db004_anonymous,Role,True,False,False,False,False
fl_db004_anonymous,RolePermission,True,False,False,False,False
fl_db004_anonymous,SettlementBatch,True,False,False,False,False
fl_db004_anonymous,SettlementItem,True,False,False,False,False
fl_db004_anonymous,SimulationRecord,True,False,False,False,False
fl_db004_anonymous,SimulationScenario,True,False,False,False,False
fl_db004_anonymous,Tenant,True,False,False,False,False
fl_db004_anonymous,TenantCardProviderConfig,True,False,False,False,False
fl_db004_anonymous,TenantUser,True,False,False,False,False
fl_db004_anonymous,TenantUserRole,True,False,False,False,False
fl_db004_anonymous,TreasuryPosition,True,False,False,False,False
fl_db004_anonymous,WalletAccount,True,False,False,False,False
fl_db004_anonymous,WalletOperation,True,False,False,False,False
fl_db004_anonymous,WalletTransaction,True,False,False,False,False
fl_db004_anonymous,WebhookEvent,True,False,False,False,False
fl_db004_anonymous,WithdrawalAddress,True,False,False,False,False
fl_db004_anonymous,tenant_third_party_config,True,False,False,False,False
fl_db004_anonymous,third_party_asset_orders,True,False,False,False,False
fl_db004_anonymous,third_party_callback_events,True,False,False,False,False
fl_db004_anonymous,treasury_accounts,True,False,False,False,False
fl_db004_anonymous,treasury_fx_orders,True,False,False,False,False
fl_db004_anonymous,treasury_operation_logs,True,False,False,False,False
fl_db004_anonymous,treasury_settlements,True,False,False,False,False
fl_db004_anonymous,ucard_card_base,True,False,False,False,False
fl_db004_anonymous,ucard_transactions,True,False,False,False,False
fl_db004_tenant_a,AdminSession,True,False,False,False,False
fl_db004_tenant_a,ApiClient,True,False,False,False,False
fl_db004_tenant_a,ApiKey,True,False,False,False,False
fl_db004_tenant_a,AuditLog,True,False,False,False,False
fl_db004_tenant_a,Card,True,False,False,False,False
fl_db004_tenant_a,CardBalance,True,False,False,False,False
fl_db004_tenant_a,CardEvent,True,False,False,False,False
fl_db004_tenant_a,CardHolder,True,False,False,False,False
fl_db004_tenant_a,CardLifecycleEvent,True,False,False,False,False
fl_db004_tenant_a,CardLimit,True,False,False,False,False
fl_db004_tenant_a,CardRenewal,True,False,False,False,False
fl_db004_tenant_a,CardReplacement,True,False,False,False,False
fl_db004_tenant_a,CardRestriction,True,False,False,False,False
fl_db004_tenant_a,CardSecurityProfile,True,False,False,False,False
fl_db004_tenant_a,CardTransaction,True,False,False,False,False
fl_db004_tenant_a,Customer,True,False,False,False,False
fl_db004_tenant_a,EndUserRefreshToken,True,False,False,False,False
fl_db004_tenant_a,EndUserSession,True,False,False,False,False
fl_db004_tenant_a,EvidenceArtifact,True,False,False,False,False
fl_db004_tenant_a,FxConversion,True,False,False,False,False
fl_db004_tenant_a,FxOrder,True,False,False,False,False
fl_db004_tenant_a,FxRate,True,False,False,False,False
fl_db004_tenant_a,Journal,True,False,False,False,False
fl_db004_tenant_a,JournalEntry,True,False,False,False,False
fl_db004_tenant_a,Merchant,True,False,False,False,False
fl_db004_tenant_a,MerchantPayment,True,False,False,False,False
fl_db004_tenant_a,MerchantQrCode,True,False,False,False,False
fl_db004_tenant_a,Permission,True,False,False,False,False
fl_db004_tenant_a,ProviderOperation,True,False,False,False,False
fl_db004_tenant_a,Role,True,False,False,False,False
fl_db004_tenant_a,RolePermission,True,False,False,False,False
fl_db004_tenant_a,SettlementBatch,True,False,False,False,False
fl_db004_tenant_a,SettlementItem,True,False,False,False,False
fl_db004_tenant_a,SimulationRecord,True,False,False,False,False
fl_db004_tenant_a,SimulationScenario,True,False,False,False,False
fl_db004_tenant_a,Tenant,True,False,False,False,False
fl_db004_tenant_a,TenantCardProviderConfig,True,False,False,False,False
fl_db004_tenant_a,TenantUser,True,False,False,False,False
fl_db004_tenant_a,TenantUserRole,True,False,False,False,False
fl_db004_tenant_a,TreasuryPosition,True,False,False,False,False
fl_db004_tenant_a,WalletAccount,True,False,False,False,False
fl_db004_tenant_a,WalletOperation,True,False,False,False,False
fl_db004_tenant_a,WalletTransaction,True,False,False,False,False
fl_db004_tenant_a,WebhookEvent,True,False,False,False,False
fl_db004_tenant_a,WithdrawalAddress,True,False,False,False,False
fl_db004_tenant_a,tenant_third_party_config,True,False,False,False,False
fl_db004_tenant_a,third_party_asset_orders,True,False,False,False,False
fl_db004_tenant_a,third_party_callback_events,True,False,False,False,False
fl_db004_tenant_a,treasury_accounts,True,False,False,False,False
fl_db004_tenant_a,treasury_fx_orders,True,False,False,False,False
fl_db004_tenant_a,treasury_operation_logs,True,False,False,False,False
fl_db004_tenant_a,treasury_settlements,True,False,False,False,False
fl_db004_tenant_a,ucard_card_base,True,False,False,False,False
fl_db004_tenant_a,ucard_transactions,True,False,False,False,False
fl_db004_tenant_b,AdminSession,True,False,False,False,False
fl_db004_tenant_b,ApiClient,True,False,False,False,False
fl_db004_tenant_b,ApiKey,True,False,False,False,False
fl_db004_tenant_b,AuditLog,True,False,False,False,False
fl_db004_tenant_b,Card,True,False,False,False,False
fl_db004_tenant_b,CardBalance,True,False,False,False,False
fl_db004_tenant_b,CardEvent,True,False,False,False,False
fl_db004_tenant_b,CardHolder,True,False,False,False,False
fl_db004_tenant_b,CardLifecycleEvent,True,False,False,False,False
fl_db004_tenant_b,CardLimit,True,False,False,False,False
fl_db004_tenant_b,CardRenewal,True,False,False,False,False
fl_db004_tenant_b,CardReplacement,True,False,False,False,False
fl_db004_tenant_b,CardRestriction,True,False,False,False,False
fl_db004_tenant_b,CardSecurityProfile,True,False,False,False,False
fl_db004_tenant_b,CardTransaction,True,False,False,False,False
fl_db004_tenant_b,Customer,True,False,False,False,False
fl_db004_tenant_b,EndUserRefreshToken,True,False,False,False,False
fl_db004_tenant_b,EndUserSession,True,False,False,False,False
fl_db004_tenant_b,EvidenceArtifact,True,False,False,False,False
fl_db004_tenant_b,FxConversion,True,False,False,False,False
fl_db004_tenant_b,FxOrder,True,False,False,False,False
fl_db004_tenant_b,FxRate,True,False,False,False,False
fl_db004_tenant_b,Journal,True,False,False,False,False
fl_db004_tenant_b,JournalEntry,True,False,False,False,False
fl_db004_tenant_b,Merchant,True,False,False,False,False
fl_db004_tenant_b,MerchantPayment,True,False,False,False,False
fl_db004_tenant_b,MerchantQrCode,True,False,False,False,False
fl_db004_tenant_b,Permission,True,False,False,False,False
fl_db004_tenant_b,ProviderOperation,True,False,False,False,False
fl_db004_tenant_b,Role,True,False,False,False,False
fl_db004_tenant_b,RolePermission,True,False,False,False,False
fl_db004_tenant_b,SettlementBatch,True,False,False,False,False
fl_db004_tenant_b,SettlementItem,True,False,False,False,False
fl_db004_tenant_b,SimulationRecord,True,False,False,False,False
fl_db004_tenant_b,SimulationScenario,True,False,False,False,False
fl_db004_tenant_b,Tenant,True,False,False,False,False
fl_db004_tenant_b,TenantCardProviderConfig,True,False,False,False,False
fl_db004_tenant_b,TenantUser,True,False,False,False,False
fl_db004_tenant_b,TenantUserRole,True,False,False,False,False
fl_db004_tenant_b,TreasuryPosition,True,False,False,False,False
fl_db004_tenant_b,WalletAccount,True,False,False,False,False
fl_db004_tenant_b,WalletOperation,True,False,False,False,False
fl_db004_tenant_b,WalletTransaction,True,False,False,False,False
fl_db004_tenant_b,WebhookEvent,True,False,False,False,False
fl_db004_tenant_b,WithdrawalAddress,True,False,False,False,False
fl_db004_tenant_b,tenant_third_party_config,True,False,False,False,False
fl_db004_tenant_b,third_party_asset_orders,True,False,False,False,False
fl_db004_tenant_b,third_party_callback_events,True,False,False,False,False
fl_db004_tenant_b,treasury_accounts,True,False,False,False,False
fl_db004_tenant_b,treasury_fx_orders,True,False,False,False,False
fl_db004_tenant_b,treasury_operation_logs,True,False,False,False,False
fl_db004_tenant_b,treasury_settlements,True,False,False,False,False
fl_db004_tenant_b,ucard_card_base,True,False,False,False,False
fl_db004_tenant_b,ucard_transactions,True,False,False,False,False
