table_id,table,role,contract_status,ownership_category,SELECT,INSERT,UPDATE,DELETE,scope_proposal,decision_id
DB6-TABLE-001,AdminSession,USER,BLOCKED,indirect-tenant,BLOCKED_PENDING_FORMAL_CONTRACT,BLOCKED_PENDING_FORMAL_CONTRACT,BLOCKED_PENDING_FORMAL_CONTRACT,BLOCKED_PENDING_FORMAL_CONTRACT,本人对象，必须有服务端主体归属链,DB6-DEC-001
DB6-TABLE-001,AdminSession,TENANT_ADMIN,BLOCKED,indirect-tenant,BLOCKED_PENDING_FORMAL_CONTRACT,BLOCKED_PENDING_FORMAL_CONTRACT,BLOCKED_PENDING_FORMAL_CONTRACT,BLOCKED_PENDING_FORMAL_CONTRACT,本租户业务对象，非本租户拒绝,DB6-DEC-001
DB6-TABLE-001,AdminSession,PLATFORM_ADMIN,BLOCKED,indirect-tenant,BLOCKED_PENDING_FORMAL_CONTRACT,BLOCKED_PENDING_FORMAL_CONTRACT,BLOCKED_PENDING_FORMAL_CONTRACT,BLOCKED_PENDING_FORMAL_CONTRACT,默认不授予跨租户，例外须逐项审批,DB6-DEC-001
DB6-TABLE-001,AdminSession,BACKGROUND_TASK,BLOCKED,indirect-tenant,BLOCKED_PENDING_FORMAL_CONTRACT,BLOCKED_PENDING_FORMAL_CONTRACT,BLOCKED_PENDING_FORMAL_CONTRACT,BLOCKED_PENDING_FORMAL_CONTRACT,独立用途及租户批次，禁止通用任务全表授权,DB6-DEC-001
DB6-TABLE-001,AdminSession,BACKEND_RUNTIME,BLOCKED,indirect-tenant,BLOCKED_PENDING_FORMAL_CONTRACT,BLOCKED_PENDING_FORMAL_CONTRACT,BLOCKED_PENDING_FORMAL_CONTRACT,BLOCKED_PENDING_FORMAL_CONTRACT,传输已验证业务主体，不因服务身份获得额外权限,DB6-DEC-001
DB6-TABLE-001,AdminSession,MIGRATION_OWNER,BLOCKED,indirect-tenant,BLOCKED_PENDING_FORMAL_CONTRACT,BLOCKED_PENDING_FORMAL_CONTRACT,BLOCKED_PENDING_FORMAL_CONTRACT,BLOCKED_PENDING_FORMAL_CONTRACT,仅迁移/初始化职责，不用于业务/RLS验收,DB6-DEC-001
DB6-TABLE-002,ApiClient,USER,BLOCKED,direct-tenant,BLOCKED_PENDING_FORMAL_CONTRACT,BLOCKED_PENDING_FORMAL_CONTRACT,BLOCKED_PENDING_FORMAL_CONTRACT,BLOCKED_PENDING_FORMAL_CONTRACT,本人对象，必须有服务端主体归属链,DB6-DEC-002
DB6-TABLE-002,ApiClient,TENANT_ADMIN,BLOCKED,direct-tenant,BLOCKED_PENDING_FORMAL_CONTRACT,BLOCKED_PENDING_FORMAL_CONTRACT,BLOCKED_PENDING_FORMAL_CONTRACT,BLOCKED_PENDING_FORMAL_CONTRACT,本租户业务对象，非本租户拒绝,DB6-DEC-002
DB6-TABLE-002,ApiClient,PLATFORM_ADMIN,BLOCKED,direct-tenant,BLOCKED_PENDING_FORMAL_CONTRACT,BLOCKED_PENDING_FORMAL_CONTRACT,BLOCKED_PENDING_FORMAL_CONTRACT,BLOCKED_PENDING_FORMAL_CONTRACT,默认不授予跨租户，例外须逐项审批,DB6-DEC-002
DB6-TABLE-002,ApiClient,BACKGROUND_TASK,BLOCKED,direct-tenant,BLOCKED_PENDING_FORMAL_CONTRACT,BLOCKED_PENDING_FORMAL_CONTRACT,BLOCKED_PENDING_FORMAL_CONTRACT,BLOCKED_PENDING_FORMAL_CONTRACT,独立用途及租户批次，禁止通用任务全表授权,DB6-DEC-002
DB6-TABLE-002,ApiClient,BACKEND_RUNTIME,BLOCKED,direct-tenant,BLOCKED_PENDING_FORMAL_CONTRACT,BLOCKED_PENDING_FORMAL_CONTRACT,BLOCKED_PENDING_FORMAL_CONTRACT,BLOCKED_PENDING_FORMAL_CONTRACT,传输已验证业务主体，不因服务身份获得额外权限,DB6-DEC-002
DB6-TABLE-002,ApiClient,MIGRATION_OWNER,BLOCKED,direct-tenant,BLOCKED_PENDING_FORMAL_CONTRACT,BLOCKED_PENDING_FORMAL_CONTRACT,BLOCKED_PENDING_FORMAL_CONTRACT,BLOCKED_PENDING_FORMAL_CONTRACT,仅迁移/初始化职责，不用于业务/RLS验收,DB6-DEC-002
DB6-TABLE-003,ApiKey,USER,BLOCKED,indirect-tenant,BLOCKED_PENDING_FORMAL_CONTRACT,BLOCKED_PENDING_FORMAL_CONTRACT,BLOCKED_PENDING_FORMAL_CONTRACT,BLOCKED_PENDING_FORMAL_CONTRACT,本人对象，必须有服务端主体归属链,DB6-DEC-003
DB6-TABLE-003,ApiKey,TENANT_ADMIN,BLOCKED,indirect-tenant,BLOCKED_PENDING_FORMAL_CONTRACT,BLOCKED_PENDING_FORMAL_CONTRACT,BLOCKED_PENDING_FORMAL_CONTRACT,BLOCKED_PENDING_FORMAL_CONTRACT,本租户业务对象，非本租户拒绝,DB6-DEC-003
DB6-TABLE-003,ApiKey,PLATFORM_ADMIN,BLOCKED,indirect-tenant,BLOCKED_PENDING_FORMAL_CONTRACT,BLOCKED_PENDING_FORMAL_CONTRACT,BLOCKED_PENDING_FORMAL_CONTRACT,BLOCKED_PENDING_FORMAL_CONTRACT,默认不授予跨租户，例外须逐项审批,DB6-DEC-003
DB6-TABLE-003,ApiKey,BACKGROUND_TASK,BLOCKED,indirect-tenant,BLOCKED_PENDING_FORMAL_CONTRACT,BLOCKED_PENDING_FORMAL_CONTRACT,BLOCKED_PENDING_FORMAL_CONTRACT,BLOCKED_PENDING_FORMAL_CONTRACT,独立用途及租户批次，禁止通用任务全表授权,DB6-DEC-003
DB6-TABLE-003,ApiKey,BACKEND_RUNTIME,BLOCKED,indirect-tenant,BLOCKED_PENDING_FORMAL_CONTRACT,BLOCKED_PENDING_FORMAL_CONTRACT,BLOCKED_PENDING_FORMAL_CONTRACT,BLOCKED_PENDING_FORMAL_CONTRACT,传输已验证业务主体，不因服务身份获得额外权限,DB6-DEC-003
DB6-TABLE-003,ApiKey,MIGRATION_OWNER,BLOCKED,indirect-tenant,BLOCKED_PENDING_FORMAL_CONTRACT,BLOCKED_PENDING_FORMAL_CONTRACT,BLOCKED_PENDING_FORMAL_CONTRACT,BLOCKED_PENDING_FORMAL_CONTRACT,仅迁移/初始化职责，不用于业务/RLS验收,DB6-DEC-003
DB6-TABLE-004,AuditLog,USER,BLOCKED,direct-tenant,BLOCKED_PENDING_FORMAL_CONTRACT,BLOCKED_PENDING_FORMAL_CONTRACT,BLOCKED_PENDING_FORMAL_CONTRACT,BLOCKED_PENDING_FORMAL_CONTRACT,本人对象，必须有服务端主体归属链,DB6-DEC-004
DB6-TABLE-004,AuditLog,TENANT_ADMIN,BLOCKED,direct-tenant,BLOCKED_PENDING_FORMAL_CONTRACT,BLOCKED_PENDING_FORMAL_CONTRACT,BLOCKED_PENDING_FORMAL_CONTRACT,BLOCKED_PENDING_FORMAL_CONTRACT,本租户业务对象，非本租户拒绝,DB6-DEC-004
DB6-TABLE-004,AuditLog,PLATFORM_ADMIN,BLOCKED,direct-tenant,BLOCKED_PENDING_FORMAL_CONTRACT,BLOCKED_PENDING_FORMAL_CONTRACT,BLOCKED_PENDING_FORMAL_CONTRACT,BLOCKED_PENDING_FORMAL_CONTRACT,默认不授予跨租户，例外须逐项审批,DB6-DEC-004
DB6-TABLE-004,AuditLog,BACKGROUND_TASK,BLOCKED,direct-tenant,BLOCKED_PENDING_FORMAL_CONTRACT,BLOCKED_PENDING_FORMAL_CONTRACT,BLOCKED_PENDING_FORMAL_CONTRACT,BLOCKED_PENDING_FORMAL_CONTRACT,独立用途及租户批次，禁止通用任务全表授权,DB6-DEC-004
DB6-TABLE-004,AuditLog,BACKEND_RUNTIME,BLOCKED,direct-tenant,BLOCKED_PENDING_FORMAL_CONTRACT,BLOCKED_PENDING_FORMAL_CONTRACT,BLOCKED_PENDING_FORMAL_CONTRACT,BLOCKED_PENDING_FORMAL_CONTRACT,传输已验证业务主体，不因服务身份获得额外权限,DB6-DEC-004
DB6-TABLE-004,AuditLog,MIGRATION_OWNER,BLOCKED,direct-tenant,BLOCKED_PENDING_FORMAL_CONTRACT,BLOCKED_PENDING_FORMAL_CONTRACT,BLOCKED_PENDING_FORMAL_CONTRACT,BLOCKED_PENDING_FORMAL_CONTRACT,仅迁移/初始化职责，不用于业务/RLS验收,DB6-DEC-004
DB6-TABLE-005,Card,USER,BLOCKED,direct-tenant,BLOCKED_PENDING_FORMAL_CONTRACT,BLOCKED_PENDING_FORMAL_CONTRACT,BLOCKED_PENDING_FORMAL_CONTRACT,BLOCKED_PENDING_FORMAL_CONTRACT,本人对象，必须有服务端主体归属链,DB6-DEC-005
DB6-TABLE-005,Card,TENANT_ADMIN,BLOCKED,direct-tenant,BLOCKED_PENDING_FORMAL_CONTRACT,BLOCKED_PENDING_FORMAL_CONTRACT,BLOCKED_PENDING_FORMAL_CONTRACT,BLOCKED_PENDING_FORMAL_CONTRACT,本租户业务对象，非本租户拒绝,DB6-DEC-005
DB6-TABLE-005,Card,PLATFORM_ADMIN,BLOCKED,direct-tenant,BLOCKED_PENDING_FORMAL_CONTRACT,BLOCKED_PENDING_FORMAL_CONTRACT,BLOCKED_PENDING_FORMAL_CONTRACT,BLOCKED_PENDING_FORMAL_CONTRACT,默认不授予跨租户，例外须逐项审批,DB6-DEC-005
DB6-TABLE-005,Card,BACKGROUND_TASK,BLOCKED,direct-tenant,BLOCKED_PENDING_FORMAL_CONTRACT,BLOCKED_PENDING_FORMAL_CONTRACT,BLOCKED_PENDING_FORMAL_CONTRACT,BLOCKED_PENDING_FORMAL_CONTRACT,独立用途及租户批次，禁止通用任务全表授权,DB6-DEC-005
DB6-TABLE-005,Card,BACKEND_RUNTIME,BLOCKED,direct-tenant,BLOCKED_PENDING_FORMAL_CONTRACT,BLOCKED_PENDING_FORMAL_CONTRACT,BLOCKED_PENDING_FORMAL_CONTRACT,BLOCKED_PENDING_FORMAL_CONTRACT,传输已验证业务主体，不因服务身份获得额外权限,DB6-DEC-005
DB6-TABLE-005,Card,MIGRATION_OWNER,BLOCKED,direct-tenant,BLOCKED_PENDING_FORMAL_CONTRACT,BLOCKED_PENDING_FORMAL_CONTRACT,BLOCKED_PENDING_FORMAL_CONTRACT,BLOCKED_PENDING_FORMAL_CONTRACT,仅迁移/初始化职责，不用于业务/RLS验收,DB6-DEC-005
DB6-TABLE-006,CardBalance,USER,BLOCKED,indirect-tenant,BLOCKED_PENDING_FORMAL_CONTRACT,BLOCKED_PENDING_FORMAL_CONTRACT,BLOCKED_PENDING_FORMAL_CONTRACT,BLOCKED_PENDING_FORMAL_CONTRACT,本人对象，必须有服务端主体归属链,DB6-DEC-006
DB6-TABLE-006,CardBalance,TENANT_ADMIN,BLOCKED,indirect-tenant,BLOCKED_PENDING_FORMAL_CONTRACT,BLOCKED_PENDING_FORMAL_CONTRACT,BLOCKED_PENDING_FORMAL_CONTRACT,BLOCKED_PENDING_FORMAL_CONTRACT,本租户业务对象，非本租户拒绝,DB6-DEC-006
DB6-TABLE-006,CardBalance,PLATFORM_ADMIN,BLOCKED,indirect-tenant,BLOCKED_PENDING_FORMAL_CONTRACT,BLOCKED_PENDING_FORMAL_CONTRACT,BLOCKED_PENDING_FORMAL_CONTRACT,BLOCKED_PENDING_FORMAL_CONTRACT,默认不授予跨租户，例外须逐项审批,DB6-DEC-006
DB6-TABLE-006,CardBalance,BACKGROUND_TASK,BLOCKED,indirect-tenant,BLOCKED_PENDING_FORMAL_CONTRACT,BLOCKED_PENDING_FORMAL_CONTRACT,BLOCKED_PENDING_FORMAL_CONTRACT,BLOCKED_PENDING_FORMAL_CONTRACT,独立用途及租户批次，禁止通用任务全表授权,DB6-DEC-006
DB6-TABLE-006,CardBalance,BACKEND_RUNTIME,BLOCKED,indirect-tenant,BLOCKED_PENDING_FORMAL_CONTRACT,BLOCKED_PENDING_FORMAL_CONTRACT,BLOCKED_PENDING_FORMAL_CONTRACT,BLOCKED_PENDING_FORMAL_CONTRACT,传输已验证业务主体，不因服务身份获得额外权限,DB6-DEC-006
DB6-TABLE-006,CardBalance,MIGRATION_OWNER,BLOCKED,indirect-tenant,BLOCKED_PENDING_FORMAL_CONTRACT,BLOCKED_PENDING_FORMAL_CONTRACT,BLOCKED_PENDING_FORMAL_CONTRACT,BLOCKED_PENDING_FORMAL_CONTRACT,仅迁移/初始化职责，不用于业务/RLS验收,DB6-DEC-006
DB6-TABLE-007,CardEvent,USER,BLOCKED,direct-tenant,BLOCKED_PENDING_FORMAL_CONTRACT,BLOCKED_PENDING_FORMAL_CONTRACT,BLOCKED_PENDING_FORMAL_CONTRACT,BLOCKED_PENDING_FORMAL_CONTRACT,本人对象，必须有服务端主体归属链,DB6-DEC-007
DB6-TABLE-007,CardEvent,TENANT_ADMIN,BLOCKED,direct-tenant,BLOCKED_PENDING_FORMAL_CONTRACT,BLOCKED_PENDING_FORMAL_CONTRACT,BLOCKED_PENDING_FORMAL_CONTRACT,BLOCKED_PENDING_FORMAL_CONTRACT,本租户业务对象，非本租户拒绝,DB6-DEC-007
DB6-TABLE-007,CardEvent,PLATFORM_ADMIN,BLOCKED,direct-tenant,BLOCKED_PENDING_FORMAL_CONTRACT,BLOCKED_PENDING_FORMAL_CONTRACT,BLOCKED_PENDING_FORMAL_CONTRACT,BLOCKED_PENDING_FORMAL_CONTRACT,默认不授予跨租户，例外须逐项审批,DB6-DEC-007
DB6-TABLE-007,CardEvent,BACKGROUND_TASK,BLOCKED,direct-tenant,BLOCKED_PENDING_FORMAL_CONTRACT,BLOCKED_PENDING_FORMAL_CONTRACT,BLOCKED_PENDING_FORMAL_CONTRACT,BLOCKED_PENDING_FORMAL_CONTRACT,独立用途及租户批次，禁止通用任务全表授权,DB6-DEC-007
DB6-TABLE-007,CardEvent,BACKEND_RUNTIME,BLOCKED,direct-tenant,BLOCKED_PENDING_FORMAL_CONTRACT,BLOCKED_PENDING_FORMAL_CONTRACT,BLOCKED_PENDING_FORMAL_CONTRACT,BLOCKED_PENDING_FORMAL_CONTRACT,传输已验证业务主体，不因服务身份获得额外权限,DB6-DEC-007
DB6-TABLE-007,CardEvent,MIGRATION_OWNER,BLOCKED,direct-tenant,BLOCKED_PENDING_FORMAL_CONTRACT,BLOCKED_PENDING_FORMAL_CONTRACT,BLOCKED_PENDING_FORMAL_CONTRACT,BLOCKED_PENDING_FORMAL_CONTRACT,仅迁移/初始化职责，不用于业务/RLS验收,DB6-DEC-007
DB6-TABLE-008,CardHolder,USER,BLOCKED,direct-tenant,BLOCKED_PENDING_FORMAL_CONTRACT,BLOCKED_PENDING_FORMAL_CONTRACT,BLOCKED_PENDING_FORMAL_CONTRACT,BLOCKED_PENDING_FORMAL_CONTRACT,本人对象，必须有服务端主体归属链,DB6-DEC-008
DB6-TABLE-008,CardHolder,TENANT_ADMIN,BLOCKED,direct-tenant,BLOCKED_PENDING_FORMAL_CONTRACT,BLOCKED_PENDING_FORMAL_CONTRACT,BLOCKED_PENDING_FORMAL_CONTRACT,BLOCKED_PENDING_FORMAL_CONTRACT,本租户业务对象，非本租户拒绝,DB6-DEC-008
DB6-TABLE-008,CardHolder,PLATFORM_ADMIN,BLOCKED,direct-tenant,BLOCKED_PENDING_FORMAL_CONTRACT,BLOCKED_PENDING_FORMAL_CONTRACT,BLOCKED_PENDING_FORMAL_CONTRACT,BLOCKED_PENDING_FORMAL_CONTRACT,默认不授予跨租户，例外须逐项审批,DB6-DEC-008
DB6-TABLE-008,CardHolder,BACKGROUND_TASK,BLOCKED,direct-tenant,BLOCKED_PENDING_FORMAL_CONTRACT,BLOCKED_PENDING_FORMAL_CONTRACT,BLOCKED_PENDING_FORMAL_CONTRACT,BLOCKED_PENDING_FORMAL_CONTRACT,独立用途及租户批次，禁止通用任务全表授权,DB6-DEC-008
DB6-TABLE-008,CardHolder,BACKEND_RUNTIME,BLOCKED,direct-tenant,BLOCKED_PENDING_FORMAL_CONTRACT,BLOCKED_PENDING_FORMAL_CONTRACT,BLOCKED_PENDING_FORMAL_CONTRACT,BLOCKED_PENDING_FORMAL_CONTRACT,传输已验证业务主体，不因服务身份获得额外权限,DB6-DEC-008
DB6-TABLE-008,CardHolder,MIGRATION_OWNER,BLOCKED,direct-tenant,BLOCKED_PENDING_FORMAL_CONTRACT,BLOCKED_PENDING_FORMAL_CONTRACT,BLOCKED_PENDING_FORMAL_CONTRACT,BLOCKED_PENDING_FORMAL_CONTRACT,仅迁移/初始化职责，不用于业务/RLS验收,DB6-DEC-008
DB6-TABLE-009,CardLifecycleEvent,USER,BLOCKED,direct-tenant,BLOCKED_PENDING_FORMAL_CONTRACT,BLOCKED_PENDING_FORMAL_CONTRACT,BLOCKED_PENDING_FORMAL_CONTRACT,BLOCKED_PENDING_FORMAL_CONTRACT,本人对象，必须有服务端主体归属链,DB6-DEC-009
DB6-TABLE-009,CardLifecycleEvent,TENANT_ADMIN,BLOCKED,direct-tenant,BLOCKED_PENDING_FORMAL_CONTRACT,BLOCKED_PENDING_FORMAL_CONTRACT,BLOCKED_PENDING_FORMAL_CONTRACT,BLOCKED_PENDING_FORMAL_CONTRACT,本租户业务对象，非本租户拒绝,DB6-DEC-009
DB6-TABLE-009,CardLifecycleEvent,PLATFORM_ADMIN,BLOCKED,direct-tenant,BLOCKED_PENDING_FORMAL_CONTRACT,BLOCKED_PENDING_FORMAL_CONTRACT,BLOCKED_PENDING_FORMAL_CONTRACT,BLOCKED_PENDING_FORMAL_CONTRACT,默认不授予跨租户，例外须逐项审批,DB6-DEC-009
DB6-TABLE-009,CardLifecycleEvent,BACKGROUND_TASK,BLOCKED,direct-tenant,BLOCKED_PENDING_FORMAL_CONTRACT,BLOCKED_PENDING_FORMAL_CONTRACT,BLOCKED_PENDING_FORMAL_CONTRACT,BLOCKED_PENDING_FORMAL_CONTRACT,独立用途及租户批次，禁止通用任务全表授权,DB6-DEC-009
DB6-TABLE-009,CardLifecycleEvent,BACKEND_RUNTIME,BLOCKED,direct-tenant,BLOCKED_PENDING_FORMAL_CONTRACT,BLOCKED_PENDING_FORMAL_CONTRACT,BLOCKED_PENDING_FORMAL_CONTRACT,BLOCKED_PENDING_FORMAL_CONTRACT,传输已验证业务主体，不因服务身份获得额外权限,DB6-DEC-009
DB6-TABLE-009,CardLifecycleEvent,MIGRATION_OWNER,BLOCKED,direct-tenant,BLOCKED_PENDING_FORMAL_CONTRACT,BLOCKED_PENDING_FORMAL_CONTRACT,BLOCKED_PENDING_FORMAL_CONTRACT,BLOCKED_PENDING_FORMAL_CONTRACT,仅迁移/初始化职责，不用于业务/RLS验收,DB6-DEC-009
DB6-TABLE-010,CardLimit,USER,BLOCKED,indirect-tenant,BLOCKED_PENDING_FORMAL_CONTRACT,BLOCKED_PENDING_FORMAL_CONTRACT,BLOCKED_PENDING_FORMAL_CONTRACT,BLOCKED_PENDING_FORMAL_CONTRACT,本人对象，必须有服务端主体归属链,DB6-DEC-010
DB6-TABLE-010,CardLimit,TENANT_ADMIN,BLOCKED,indirect-tenant,BLOCKED_PENDING_FORMAL_CONTRACT,BLOCKED_PENDING_FORMAL_CONTRACT,BLOCKED_PENDING_FORMAL_CONTRACT,BLOCKED_PENDING_FORMAL_CONTRACT,本租户业务对象，非本租户拒绝,DB6-DEC-010
DB6-TABLE-010,CardLimit,PLATFORM_ADMIN,BLOCKED,indirect-tenant,BLOCKED_PENDING_FORMAL_CONTRACT,BLOCKED_PENDING_FORMAL_CONTRACT,BLOCKED_PENDING_FORMAL_CONTRACT,BLOCKED_PENDING_FORMAL_CONTRACT,默认不授予跨租户，例外须逐项审批,DB6-DEC-010
DB6-TABLE-010,CardLimit,BACKGROUND_TASK,BLOCKED,indirect-tenant,BLOCKED_PENDING_FORMAL_CONTRACT,BLOCKED_PENDING_FORMAL_CONTRACT,BLOCKED_PENDING_FORMAL_CONTRACT,BLOCKED_PENDING_FORMAL_CONTRACT,独立用途及租户批次，禁止通用任务全表授权,DB6-DEC-010
DB6-TABLE-010,CardLimit,BACKEND_RUNTIME,BLOCKED,indirect-tenant,BLOCKED_PENDING_FORMAL_CONTRACT,BLOCKED_PENDING_FORMAL_CONTRACT,BLOCKED_PENDING_FORMAL_CONTRACT,BLOCKED_PENDING_FORMAL_CONTRACT,传输已验证业务主体，不因服务身份获得额外权限,DB6-DEC-010
DB6-TABLE-010,CardLimit,MIGRATION_OWNER,BLOCKED,indirect-tenant,BLOCKED_PENDING_FORMAL_CONTRACT,BLOCKED_PENDING_FORMAL_CONTRACT,BLOCKED_PENDING_FORMAL_CONTRACT,BLOCKED_PENDING_FORMAL_CONTRACT,仅迁移/初始化职责，不用于业务/RLS验收,DB6-DEC-010
DB6-TABLE-011,CardRenewal,USER,BLOCKED,direct-tenant,BLOCKED_PENDING_FORMAL_CONTRACT,BLOCKED_PENDING_FORMAL_CONTRACT,BLOCKED_PENDING_FORMAL_CONTRACT,BLOCKED_PENDING_FORMAL_CONTRACT,本人对象，必须有服务端主体归属链,DB6-DEC-011
DB6-TABLE-011,CardRenewal,TENANT_ADMIN,BLOCKED,direct-tenant,BLOCKED_PENDING_FORMAL_CONTRACT,BLOCKED_PENDING_FORMAL_CONTRACT,BLOCKED_PENDING_FORMAL_CONTRACT,BLOCKED_PENDING_FORMAL_CONTRACT,本租户业务对象，非本租户拒绝,DB6-DEC-011
DB6-TABLE-011,CardRenewal,PLATFORM_ADMIN,BLOCKED,direct-tenant,BLOCKED_PENDING_FORMAL_CONTRACT,BLOCKED_PENDING_FORMAL_CONTRACT,BLOCKED_PENDING_FORMAL_CONTRACT,BLOCKED_PENDING_FORMAL_CONTRACT,默认不授予跨租户，例外须逐项审批,DB6-DEC-011
DB6-TABLE-011,CardRenewal,BACKGROUND_TASK,BLOCKED,direct-tenant,BLOCKED_PENDING_FORMAL_CONTRACT,BLOCKED_PENDING_FORMAL_CONTRACT,BLOCKED_PENDING_FORMAL_CONTRACT,BLOCKED_PENDING_FORMAL_CONTRACT,独立用途及租户批次，禁止通用任务全表授权,DB6-DEC-011
DB6-TABLE-011,CardRenewal,BACKEND_RUNTIME,BLOCKED,direct-tenant,BLOCKED_PENDING_FORMAL_CONTRACT,BLOCKED_PENDING_FORMAL_CONTRACT,BLOCKED_PENDING_FORMAL_CONTRACT,BLOCKED_PENDING_FORMAL_CONTRACT,传输已验证业务主体，不因服务身份获得额外权限,DB6-DEC-011
DB6-TABLE-011,CardRenewal,MIGRATION_OWNER,BLOCKED,direct-tenant,BLOCKED_PENDING_FORMAL_CONTRACT,BLOCKED_PENDING_FORMAL_CONTRACT,BLOCKED_PENDING_FORMAL_CONTRACT,BLOCKED_PENDING_FORMAL_CONTRACT,仅迁移/初始化职责，不用于业务/RLS验收,DB6-DEC-011
DB6-TABLE-012,CardReplacement,USER,BLOCKED,direct-tenant,BLOCKED_PENDING_FORMAL_CONTRACT,BLOCKED_PENDING_FORMAL_CONTRACT,BLOCKED_PENDING_FORMAL_CONTRACT,BLOCKED_PENDING_FORMAL_CONTRACT,本人对象，必须有服务端主体归属链,DB6-DEC-012
DB6-TABLE-012,CardReplacement,TENANT_ADMIN,BLOCKED,direct-tenant,BLOCKED_PENDING_FORMAL_CONTRACT,BLOCKED_PENDING_FORMAL_CONTRACT,BLOCKED_PENDING_FORMAL_CONTRACT,BLOCKED_PENDING_FORMAL_CONTRACT,本租户业务对象，非本租户拒绝,DB6-DEC-012
DB6-TABLE-012,CardReplacement,PLATFORM_ADMIN,BLOCKED,direct-tenant,BLOCKED_PENDING_FORMAL_CONTRACT,BLOCKED_PENDING_FORMAL_CONTRACT,BLOCKED_PENDING_FORMAL_CONTRACT,BLOCKED_PENDING_FORMAL_CONTRACT,默认不授予跨租户，例外须逐项审批,DB6-DEC-012
DB6-TABLE-012,CardReplacement,BACKGROUND_TASK,BLOCKED,direct-tenant,BLOCKED_PENDING_FORMAL_CONTRACT,BLOCKED_PENDING_FORMAL_CONTRACT,BLOCKED_PENDING_FORMAL_CONTRACT,BLOCKED_PENDING_FORMAL_CONTRACT,独立用途及租户批次，禁止通用任务全表授权,DB6-DEC-012
DB6-TABLE-012,CardReplacement,BACKEND_RUNTIME,BLOCKED,direct-tenant,BLOCKED_PENDING_FORMAL_CONTRACT,BLOCKED_PENDING_FORMAL_CONTRACT,BLOCKED_PENDING_FORMAL_CONTRACT,BLOCKED_PENDING_FORMAL_CONTRACT,传输已验证业务主体，不因服务身份获得额外权限,DB6-DEC-012
DB6-TABLE-012,CardReplacement,MIGRATION_OWNER,BLOCKED,direct-tenant,BLOCKED_PENDING_FORMAL_CONTRACT,BLOCKED_PENDING_FORMAL_CONTRACT,BLOCKED_PENDING_FORMAL_CONTRACT,BLOCKED_PENDING_FORMAL_CONTRACT,仅迁移/初始化职责，不用于业务/RLS验收,DB6-DEC-012
DB6-TABLE-013,CardRestriction,USER,BLOCKED,direct-tenant,BLOCKED_PENDING_FORMAL_CONTRACT,BLOCKED_PENDING_FORMAL_CONTRACT,BLOCKED_PENDING_FORMAL_CONTRACT,BLOCKED_PENDING_FORMAL_CONTRACT,本人对象，必须有服务端主体归属链,DB6-DEC-013
DB6-TABLE-013,CardRestriction,TENANT_ADMIN,BLOCKED,direct-tenant,BLOCKED_PENDING_FORMAL_CONTRACT,BLOCKED_PENDING_FORMAL_CONTRACT,BLOCKED_PENDING_FORMAL_CONTRACT,BLOCKED_PENDING_FORMAL_CONTRACT,本租户业务对象，非本租户拒绝,DB6-DEC-013
DB6-TABLE-013,CardRestriction,PLATFORM_ADMIN,BLOCKED,direct-tenant,BLOCKED_PENDING_FORMAL_CONTRACT,BLOCKED_PENDING_FORMAL_CONTRACT,BLOCKED_PENDING_FORMAL_CONTRACT,BLOCKED_PENDING_FORMAL_CONTRACT,默认不授予跨租户，例外须逐项审批,DB6-DEC-013
DB6-TABLE-013,CardRestriction,BACKGROUND_TASK,BLOCKED,direct-tenant,BLOCKED_PENDING_FORMAL_CONTRACT,BLOCKED_PENDING_FORMAL_CONTRACT,BLOCKED_PENDING_FORMAL_CONTRACT,BLOCKED_PENDING_FORMAL_CONTRACT,独立用途及租户批次，禁止通用任务全表授权,DB6-DEC-013
DB6-TABLE-013,CardRestriction,BACKEND_RUNTIME,BLOCKED,direct-tenant,BLOCKED_PENDING_FORMAL_CONTRACT,BLOCKED_PENDING_FORMAL_CONTRACT,BLOCKED_PENDING_FORMAL_CONTRACT,BLOCKED_PENDING_FORMAL_CONTRACT,传输已验证业务主体，不因服务身份获得额外权限,DB6-DEC-013
DB6-TABLE-013,CardRestriction,MIGRATION_OWNER,BLOCKED,direct-tenant,BLOCKED_PENDING_FORMAL_CONTRACT,BLOCKED_PENDING_FORMAL_CONTRACT,BLOCKED_PENDING_FORMAL_CONTRACT,BLOCKED_PENDING_FORMAL_CONTRACT,仅迁移/初始化职责，不用于业务/RLS验收,DB6-DEC-013
DB6-TABLE-014,CardSecurityProfile,USER,BLOCKED,indirect-tenant,BLOCKED_PENDING_FORMAL_CONTRACT,BLOCKED_PENDING_FORMAL_CONTRACT,BLOCKED_PENDING_FORMAL_CONTRACT,BLOCKED_PENDING_FORMAL_CONTRACT,本人对象，必须有服务端主体归属链,DB6-DEC-014
DB6-TABLE-014,CardSecurityProfile,TENANT_ADMIN,BLOCKED,indirect-tenant,BLOCKED_PENDING_FORMAL_CONTRACT,BLOCKED_PENDING_FORMAL_CONTRACT,BLOCKED_PENDING_FORMAL_CONTRACT,BLOCKED_PENDING_FORMAL_CONTRACT,本租户业务对象，非本租户拒绝,DB6-DEC-014
DB6-TABLE-014,CardSecurityProfile,PLATFORM_ADMIN,BLOCKED,indirect-tenant,BLOCKED_PENDING_FORMAL_CONTRACT,BLOCKED_PENDING_FORMAL_CONTRACT,BLOCKED_PENDING_FORMAL_CONTRACT,BLOCKED_PENDING_FORMAL_CONTRACT,默认不授予跨租户，例外须逐项审批,DB6-DEC-014
DB6-TABLE-014,CardSecurityProfile,BACKGROUND_TASK,BLOCKED,indirect-tenant,BLOCKED_PENDING_FORMAL_CONTRACT,BLOCKED_PENDING_FORMAL_CONTRACT,BLOCKED_PENDING_FORMAL_CONTRACT,BLOCKED_PENDING_FORMAL_CONTRACT,独立用途及租户批次，禁止通用任务全表授权,DB6-DEC-014
DB6-TABLE-014,CardSecurityProfile,BACKEND_RUNTIME,BLOCKED,indirect-tenant,BLOCKED_PENDING_FORMAL_CONTRACT,BLOCKED_PENDING_FORMAL_CONTRACT,BLOCKED_PENDING_FORMAL_CONTRACT,BLOCKED_PENDING_FORMAL_CONTRACT,传输已验证业务主体，不因服务身份获得额外权限,DB6-DEC-014
DB6-TABLE-014,CardSecurityProfile,MIGRATION_OWNER,BLOCKED,indirect-tenant,BLOCKED_PENDING_FORMAL_CONTRACT,BLOCKED_PENDING_FORMAL_CONTRACT,BLOCKED_PENDING_FORMAL_CONTRACT,BLOCKED_PENDING_FORMAL_CONTRACT,仅迁移/初始化职责，不用于业务/RLS验收,DB6-DEC-014
DB6-TABLE-015,CardTransaction,USER,BLOCKED,direct-tenant,BLOCKED_PENDING_FORMAL_CONTRACT,BLOCKED_PENDING_FORMAL_CONTRACT,BLOCKED_PENDING_FORMAL_CONTRACT,BLOCKED_PENDING_FORMAL_CONTRACT,本人对象，必须有服务端主体归属链,DB6-DEC-015
DB6-TABLE-015,CardTransaction,TENANT_ADMIN,BLOCKED,direct-tenant,BLOCKED_PENDING_FORMAL_CONTRACT,BLOCKED_PENDING_FORMAL_CONTRACT,BLOCKED_PENDING_FORMAL_CONTRACT,BLOCKED_PENDING_FORMAL_CONTRACT,本租户业务对象，非本租户拒绝,DB6-DEC-015
DB6-TABLE-015,CardTransaction,PLATFORM_ADMIN,BLOCKED,direct-tenant,BLOCKED_PENDING_FORMAL_CONTRACT,BLOCKED_PENDING_FORMAL_CONTRACT,BLOCKED_PENDING_FORMAL_CONTRACT,BLOCKED_PENDING_FORMAL_CONTRACT,默认不授予跨租户，例外须逐项审批,DB6-DEC-015
DB6-TABLE-015,CardTransaction,BACKGROUND_TASK,BLOCKED,direct-tenant,BLOCKED_PENDING_FORMAL_CONTRACT,BLOCKED_PENDING_FORMAL_CONTRACT,BLOCKED_PENDING_FORMAL_CONTRACT,BLOCKED_PENDING_FORMAL_CONTRACT,独立用途及租户批次，禁止通用任务全表授权,DB6-DEC-015
DB6-TABLE-015,CardTransaction,BACKEND_RUNTIME,BLOCKED,direct-tenant,BLOCKED_PENDING_FORMAL_CONTRACT,BLOCKED_PENDING_FORMAL_CONTRACT,BLOCKED_PENDING_FORMAL_CONTRACT,BLOCKED_PENDING_FORMAL_CONTRACT,传输已验证业务主体，不因服务身份获得额外权限,DB6-DEC-015
DB6-TABLE-015,CardTransaction,MIGRATION_OWNER,BLOCKED,direct-tenant,BLOCKED_PENDING_FORMAL_CONTRACT,BLOCKED_PENDING_FORMAL_CONTRACT,BLOCKED_PENDING_FORMAL_CONTRACT,BLOCKED_PENDING_FORMAL_CONTRACT,仅迁移/初始化职责，不用于业务/RLS验收,DB6-DEC-015
DB6-TABLE-016,Customer,USER,BLOCKED,direct-tenant,BLOCKED_PENDING_FORMAL_CONTRACT,BLOCKED_PENDING_FORMAL_CONTRACT,BLOCKED_PENDING_FORMAL_CONTRACT,BLOCKED_PENDING_FORMAL_CONTRACT,本人对象，必须有服务端主体归属链,DB6-DEC-016
DB6-TABLE-016,Customer,TENANT_ADMIN,BLOCKED,direct-tenant,BLOCKED_PENDING_FORMAL_CONTRACT,BLOCKED_PENDING_FORMAL_CONTRACT,BLOCKED_PENDING_FORMAL_CONTRACT,BLOCKED_PENDING_FORMAL_CONTRACT,本租户业务对象，非本租户拒绝,DB6-DEC-016
DB6-TABLE-016,Customer,PLATFORM_ADMIN,BLOCKED,direct-tenant,BLOCKED_PENDING_FORMAL_CONTRACT,BLOCKED_PENDING_FORMAL_CONTRACT,BLOCKED_PENDING_FORMAL_CONTRACT,BLOCKED_PENDING_FORMAL_CONTRACT,默认不授予跨租户，例外须逐项审批,DB6-DEC-016
DB6-TABLE-016,Customer,BACKGROUND_TASK,BLOCKED,direct-tenant,BLOCKED_PENDING_FORMAL_CONTRACT,BLOCKED_PENDING_FORMAL_CONTRACT,BLOCKED_PENDING_FORMAL_CONTRACT,BLOCKED_PENDING_FORMAL_CONTRACT,独立用途及租户批次，禁止通用任务全表授权,DB6-DEC-016
DB6-TABLE-016,Customer,BACKEND_RUNTIME,BLOCKED,direct-tenant,BLOCKED_PENDING_FORMAL_CONTRACT,BLOCKED_PENDING_FORMAL_CONTRACT,BLOCKED_PENDING_FORMAL_CONTRACT,BLOCKED_PENDING_FORMAL_CONTRACT,传输已验证业务主体，不因服务身份获得额外权限,DB6-DEC-016
DB6-TABLE-016,Customer,MIGRATION_OWNER,BLOCKED,direct-tenant,BLOCKED_PENDING_FORMAL_CONTRACT,BLOCKED_PENDING_FORMAL_CONTRACT,BLOCKED_PENDING_FORMAL_CONTRACT,BLOCKED_PENDING_FORMAL_CONTRACT,仅迁移/初始化职责，不用于业务/RLS验收,DB6-DEC-016
DB6-TABLE-017,EndUserRefreshToken,USER,BLOCKED,indirect-tenant,BLOCKED_PENDING_FORMAL_CONTRACT,BLOCKED_PENDING_FORMAL_CONTRACT,BLOCKED_PENDING_FORMAL_CONTRACT,BLOCKED_PENDING_FORMAL_CONTRACT,本人对象，必须有服务端主体归属链,DB6-DEC-017
DB6-TABLE-017,EndUserRefreshToken,TENANT_ADMIN,BLOCKED,indirect-tenant,BLOCKED_PENDING_FORMAL_CONTRACT,BLOCKED_PENDING_FORMAL_CONTRACT,BLOCKED_PENDING_FORMAL_CONTRACT,BLOCKED_PENDING_FORMAL_CONTRACT,本租户业务对象，非本租户拒绝,DB6-DEC-017
DB6-TABLE-017,EndUserRefreshToken,PLATFORM_ADMIN,BLOCKED,indirect-tenant,BLOCKED_PENDING_FORMAL_CONTRACT,BLOCKED_PENDING_FORMAL_CONTRACT,BLOCKED_PENDING_FORMAL_CONTRACT,BLOCKED_PENDING_FORMAL_CONTRACT,默认不授予跨租户，例外须逐项审批,DB6-DEC-017
DB6-TABLE-017,EndUserRefreshToken,BACKGROUND_TASK,BLOCKED,indirect-tenant,BLOCKED_PENDING_FORMAL_CONTRACT,BLOCKED_PENDING_FORMAL_CONTRACT,BLOCKED_PENDING_FORMAL_CONTRACT,BLOCKED_PENDING_FORMAL_CONTRACT,独立用途及租户批次，禁止通用任务全表授权,DB6-DEC-017
DB6-TABLE-017,EndUserRefreshToken,BACKEND_RUNTIME,BLOCKED,indirect-tenant,BLOCKED_PENDING_FORMAL_CONTRACT,BLOCKED_PENDING_FORMAL_CONTRACT,BLOCKED_PENDING_FORMAL_CONTRACT,BLOCKED_PENDING_FORMAL_CONTRACT,传输已验证业务主体，不因服务身份获得额外权限,DB6-DEC-017
DB6-TABLE-017,EndUserRefreshToken,MIGRATION_OWNER,BLOCKED,indirect-tenant,BLOCKED_PENDING_FORMAL_CONTRACT,BLOCKED_PENDING_FORMAL_CONTRACT,BLOCKED_PENDING_FORMAL_CONTRACT,BLOCKED_PENDING_FORMAL_CONTRACT,仅迁移/初始化职责，不用于业务/RLS验收,DB6-DEC-017
DB6-TABLE-018,EndUserSession,USER,BLOCKED,direct-tenant,BLOCKED_PENDING_FORMAL_CONTRACT,BLOCKED_PENDING_FORMAL_CONTRACT,BLOCKED_PENDING_FORMAL_CONTRACT,BLOCKED_PENDING_FORMAL_CONTRACT,本人对象，必须有服务端主体归属链,DB6-DEC-018
DB6-TABLE-018,EndUserSession,TENANT_ADMIN,BLOCKED,direct-tenant,BLOCKED_PENDING_FORMAL_CONTRACT,BLOCKED_PENDING_FORMAL_CONTRACT,BLOCKED_PENDING_FORMAL_CONTRACT,BLOCKED_PENDING_FORMAL_CONTRACT,本租户业务对象，非本租户拒绝,DB6-DEC-018
DB6-TABLE-018,EndUserSession,PLATFORM_ADMIN,BLOCKED,direct-tenant,BLOCKED_PENDING_FORMAL_CONTRACT,BLOCKED_PENDING_FORMAL_CONTRACT,BLOCKED_PENDING_FORMAL_CONTRACT,BLOCKED_PENDING_FORMAL_CONTRACT,默认不授予跨租户，例外须逐项审批,DB6-DEC-018
DB6-TABLE-018,EndUserSession,BACKGROUND_TASK,BLOCKED,direct-tenant,BLOCKED_PENDING_FORMAL_CONTRACT,BLOCKED_PENDING_FORMAL_CONTRACT,BLOCKED_PENDING_FORMAL_CONTRACT,BLOCKED_PENDING_FORMAL_CONTRACT,独立用途及租户批次，禁止通用任务全表授权,DB6-DEC-018
DB6-TABLE-018,EndUserSession,BACKEND_RUNTIME,BLOCKED,direct-tenant,BLOCKED_PENDING_FORMAL_CONTRACT,BLOCKED_PENDING_FORMAL_CONTRACT,BLOCKED_PENDING_FORMAL_CONTRACT,BLOCKED_PENDING_FORMAL_CONTRACT,传输已验证业务主体，不因服务身份获得额外权限,DB6-DEC-018
DB6-TABLE-018,EndUserSession,MIGRATION_OWNER,BLOCKED,direct-tenant,BLOCKED_PENDING_FORMAL_CONTRACT,BLOCKED_PENDING_FORMAL_CONTRACT,BLOCKED_PENDING_FORMAL_CONTRACT,BLOCKED_PENDING_FORMAL_CONTRACT,仅迁移/初始化职责，不用于业务/RLS验收,DB6-DEC-018
DB6-TABLE-019,EvidenceArtifact,USER,BLOCKED,direct-tenant,BLOCKED_PENDING_FORMAL_CONTRACT,BLOCKED_PENDING_FORMAL_CONTRACT,BLOCKED_PENDING_FORMAL_CONTRACT,BLOCKED_PENDING_FORMAL_CONTRACT,本人对象，必须有服务端主体归属链,DB6-DEC-019
DB6-TABLE-019,EvidenceArtifact,TENANT_ADMIN,BLOCKED,direct-tenant,BLOCKED_PENDING_FORMAL_CONTRACT,BLOCKED_PENDING_FORMAL_CONTRACT,BLOCKED_PENDING_FORMAL_CONTRACT,BLOCKED_PENDING_FORMAL_CONTRACT,本租户业务对象，非本租户拒绝,DB6-DEC-019
DB6-TABLE-019,EvidenceArtifact,PLATFORM_ADMIN,BLOCKED,direct-tenant,BLOCKED_PENDING_FORMAL_CONTRACT,BLOCKED_PENDING_FORMAL_CONTRACT,BLOCKED_PENDING_FORMAL_CONTRACT,BLOCKED_PENDING_FORMAL_CONTRACT,默认不授予跨租户，例外须逐项审批,DB6-DEC-019
DB6-TABLE-019,EvidenceArtifact,BACKGROUND_TASK,BLOCKED,direct-tenant,BLOCKED_PENDING_FORMAL_CONTRACT,BLOCKED_PENDING_FORMAL_CONTRACT,BLOCKED_PENDING_FORMAL_CONTRACT,BLOCKED_PENDING_FORMAL_CONTRACT,独立用途及租户批次，禁止通用任务全表授权,DB6-DEC-019
DB6-TABLE-019,EvidenceArtifact,BACKEND_RUNTIME,BLOCKED,direct-tenant,BLOCKED_PENDING_FORMAL_CONTRACT,BLOCKED_PENDING_FORMAL_CONTRACT,BLOCKED_PENDING_FORMAL_CONTRACT,BLOCKED_PENDING_FORMAL_CONTRACT,传输已验证业务主体，不因服务身份获得额外权限,DB6-DEC-019
DB6-TABLE-019,EvidenceArtifact,MIGRATION_OWNER,BLOCKED,direct-tenant,BLOCKED_PENDING_FORMAL_CONTRACT,BLOCKED_PENDING_FORMAL_CONTRACT,BLOCKED_PENDING_FORMAL_CONTRACT,BLOCKED_PENDING_FORMAL_CONTRACT,仅迁移/初始化职责，不用于业务/RLS验收,DB6-DEC-019
DB6-TABLE-020,FxConversion,USER,BLOCKED,direct-tenant,BLOCKED_PENDING_FORMAL_CONTRACT,BLOCKED_PENDING_FORMAL_CONTRACT,BLOCKED_PENDING_FORMAL_CONTRACT,BLOCKED_PENDING_FORMAL_CONTRACT,本人对象，必须有服务端主体归属链,DB6-DEC-020
DB6-TABLE-020,FxConversion,TENANT_ADMIN,BLOCKED,direct-tenant,BLOCKED_PENDING_FORMAL_CONTRACT,BLOCKED_PENDING_FORMAL_CONTRACT,BLOCKED_PENDING_FORMAL_CONTRACT,BLOCKED_PENDING_FORMAL_CONTRACT,本租户业务对象，非本租户拒绝,DB6-DEC-020
DB6-TABLE-020,FxConversion,PLATFORM_ADMIN,BLOCKED,direct-tenant,BLOCKED_PENDING_FORMAL_CONTRACT,BLOCKED_PENDING_FORMAL_CONTRACT,BLOCKED_PENDING_FORMAL_CONTRACT,BLOCKED_PENDING_FORMAL_CONTRACT,默认不授予跨租户，例外须逐项审批,DB6-DEC-020
DB6-TABLE-020,FxConversion,BACKGROUND_TASK,BLOCKED,direct-tenant,BLOCKED_PENDING_FORMAL_CONTRACT,BLOCKED_PENDING_FORMAL_CONTRACT,BLOCKED_PENDING_FORMAL_CONTRACT,BLOCKED_PENDING_FORMAL_CONTRACT,独立用途及租户批次，禁止通用任务全表授权,DB6-DEC-020
DB6-TABLE-020,FxConversion,BACKEND_RUNTIME,BLOCKED,direct-tenant,BLOCKED_PENDING_FORMAL_CONTRACT,BLOCKED_PENDING_FORMAL_CONTRACT,BLOCKED_PENDING_FORMAL_CONTRACT,BLOCKED_PENDING_FORMAL_CONTRACT,传输已验证业务主体，不因服务身份获得额外权限,DB6-DEC-020
DB6-TABLE-020,FxConversion,MIGRATION_OWNER,BLOCKED,direct-tenant,BLOCKED_PENDING_FORMAL_CONTRACT,BLOCKED_PENDING_FORMAL_CONTRACT,BLOCKED_PENDING_FORMAL_CONTRACT,BLOCKED_PENDING_FORMAL_CONTRACT,仅迁移/初始化职责，不用于业务/RLS验收,DB6-DEC-020
DB6-TABLE-021,FxOrder,USER,BLOCKED,direct-tenant,BLOCKED_PENDING_FORMAL_CONTRACT,BLOCKED_PENDING_FORMAL_CONTRACT,BLOCKED_PENDING_FORMAL_CONTRACT,BLOCKED_PENDING_FORMAL_CONTRACT,本人对象，必须有服务端主体归属链,DB6-DEC-021
DB6-TABLE-021,FxOrder,TENANT_ADMIN,BLOCKED,direct-tenant,BLOCKED_PENDING_FORMAL_CONTRACT,BLOCKED_PENDING_FORMAL_CONTRACT,BLOCKED_PENDING_FORMAL_CONTRACT,BLOCKED_PENDING_FORMAL_CONTRACT,本租户业务对象，非本租户拒绝,DB6-DEC-021
DB6-TABLE-021,FxOrder,PLATFORM_ADMIN,BLOCKED,direct-tenant,BLOCKED_PENDING_FORMAL_CONTRACT,BLOCKED_PENDING_FORMAL_CONTRACT,BLOCKED_PENDING_FORMAL_CONTRACT,BLOCKED_PENDING_FORMAL_CONTRACT,默认不授予跨租户，例外须逐项审批,DB6-DEC-021
DB6-TABLE-021,FxOrder,BACKGROUND_TASK,BLOCKED,direct-tenant,BLOCKED_PENDING_FORMAL_CONTRACT,BLOCKED_PENDING_FORMAL_CONTRACT,BLOCKED_PENDING_FORMAL_CONTRACT,BLOCKED_PENDING_FORMAL_CONTRACT,独立用途及租户批次，禁止通用任务全表授权,DB6-DEC-021
DB6-TABLE-021,FxOrder,BACKEND_RUNTIME,BLOCKED,direct-tenant,BLOCKED_PENDING_FORMAL_CONTRACT,BLOCKED_PENDING_FORMAL_CONTRACT,BLOCKED_PENDING_FORMAL_CONTRACT,BLOCKED_PENDING_FORMAL_CONTRACT,传输已验证业务主体，不因服务身份获得额外权限,DB6-DEC-021
DB6-TABLE-021,FxOrder,MIGRATION_OWNER,BLOCKED,direct-tenant,BLOCKED_PENDING_FORMAL_CONTRACT,BLOCKED_PENDING_FORMAL_CONTRACT,BLOCKED_PENDING_FORMAL_CONTRACT,BLOCKED_PENDING_FORMAL_CONTRACT,仅迁移/初始化职责，不用于业务/RLS验收,DB6-DEC-021
DB6-TABLE-022,FxRate,USER,BLOCKED,direct-tenant,BLOCKED_PENDING_FORMAL_CONTRACT,BLOCKED_PENDING_FORMAL_CONTRACT,BLOCKED_PENDING_FORMAL_CONTRACT,BLOCKED_PENDING_FORMAL_CONTRACT,本人对象，必须有服务端主体归属链,DB6-DEC-022
DB6-TABLE-022,FxRate,TENANT_ADMIN,BLOCKED,direct-tenant,BLOCKED_PENDING_FORMAL_CONTRACT,BLOCKED_PENDING_FORMAL_CONTRACT,BLOCKED_PENDING_FORMAL_CONTRACT,BLOCKED_PENDING_FORMAL_CONTRACT,本租户业务对象，非本租户拒绝,DB6-DEC-022
DB6-TABLE-022,FxRate,PLATFORM_ADMIN,BLOCKED,direct-tenant,BLOCKED_PENDING_FORMAL_CONTRACT,BLOCKED_PENDING_FORMAL_CONTRACT,BLOCKED_PENDING_FORMAL_CONTRACT,BLOCKED_PENDING_FORMAL_CONTRACT,默认不授予跨租户，例外须逐项审批,DB6-DEC-022
DB6-TABLE-022,FxRate,BACKGROUND_TASK,BLOCKED,direct-tenant,BLOCKED_PENDING_FORMAL_CONTRACT,BLOCKED_PENDING_FORMAL_CONTRACT,BLOCKED_PENDING_FORMAL_CONTRACT,BLOCKED_PENDING_FORMAL_CONTRACT,独立用途及租户批次，禁止通用任务全表授权,DB6-DEC-022
DB6-TABLE-022,FxRate,BACKEND_RUNTIME,BLOCKED,direct-tenant,BLOCKED_PENDING_FORMAL_CONTRACT,BLOCKED_PENDING_FORMAL_CONTRACT,BLOCKED_PENDING_FORMAL_CONTRACT,BLOCKED_PENDING_FORMAL_CONTRACT,传输已验证业务主体，不因服务身份获得额外权限,DB6-DEC-022
DB6-TABLE-022,FxRate,MIGRATION_OWNER,BLOCKED,direct-tenant,BLOCKED_PENDING_FORMAL_CONTRACT,BLOCKED_PENDING_FORMAL_CONTRACT,BLOCKED_PENDING_FORMAL_CONTRACT,BLOCKED_PENDING_FORMAL_CONTRACT,仅迁移/初始化职责，不用于业务/RLS验收,DB6-DEC-022
DB6-TABLE-023,Journal,USER,BLOCKED,direct-tenant,BLOCKED_PENDING_FORMAL_CONTRACT,BLOCKED_PENDING_FORMAL_CONTRACT,BLOCKED_PENDING_FORMAL_CONTRACT,BLOCKED_PENDING_FORMAL_CONTRACT,本人对象，必须有服务端主体归属链,DB6-DEC-023
DB6-TABLE-023,Journal,TENANT_ADMIN,BLOCKED,direct-tenant,BLOCKED_PENDING_FORMAL_CONTRACT,BLOCKED_PENDING_FORMAL_CONTRACT,BLOCKED_PENDING_FORMAL_CONTRACT,BLOCKED_PENDING_FORMAL_CONTRACT,本租户业务对象，非本租户拒绝,DB6-DEC-023
DB6-TABLE-023,Journal,PLATFORM_ADMIN,BLOCKED,direct-tenant,BLOCKED_PENDING_FORMAL_CONTRACT,BLOCKED_PENDING_FORMAL_CONTRACT,BLOCKED_PENDING_FORMAL_CONTRACT,BLOCKED_PENDING_FORMAL_CONTRACT,默认不授予跨租户，例外须逐项审批,DB6-DEC-023
DB6-TABLE-023,Journal,BACKGROUND_TASK,BLOCKED,direct-tenant,BLOCKED_PENDING_FORMAL_CONTRACT,BLOCKED_PENDING_FORMAL_CONTRACT,BLOCKED_PENDING_FORMAL_CONTRACT,BLOCKED_PENDING_FORMAL_CONTRACT,独立用途及租户批次，禁止通用任务全表授权,DB6-DEC-023
DB6-TABLE-023,Journal,BACKEND_RUNTIME,BLOCKED,direct-tenant,BLOCKED_PENDING_FORMAL_CONTRACT,BLOCKED_PENDING_FORMAL_CONTRACT,BLOCKED_PENDING_FORMAL_CONTRACT,BLOCKED_PENDING_FORMAL_CONTRACT,传输已验证业务主体，不因服务身份获得额外权限,DB6-DEC-023
DB6-TABLE-023,Journal,MIGRATION_OWNER,BLOCKED,direct-tenant,BLOCKED_PENDING_FORMAL_CONTRACT,BLOCKED_PENDING_FORMAL_CONTRACT,BLOCKED_PENDING_FORMAL_CONTRACT,BLOCKED_PENDING_FORMAL_CONTRACT,仅迁移/初始化职责，不用于业务/RLS验收,DB6-DEC-023
DB6-TABLE-024,JournalEntry,USER,BLOCKED,direct-tenant,BLOCKED_PENDING_FORMAL_CONTRACT,BLOCKED_PENDING_FORMAL_CONTRACT,BLOCKED_PENDING_FORMAL_CONTRACT,BLOCKED_PENDING_FORMAL_CONTRACT,本人对象，必须有服务端主体归属链,DB6-DEC-024
DB6-TABLE-024,JournalEntry,TENANT_ADMIN,BLOCKED,direct-tenant,BLOCKED_PENDING_FORMAL_CONTRACT,BLOCKED_PENDING_FORMAL_CONTRACT,BLOCKED_PENDING_FORMAL_CONTRACT,BLOCKED_PENDING_FORMAL_CONTRACT,本租户业务对象，非本租户拒绝,DB6-DEC-024
DB6-TABLE-024,JournalEntry,PLATFORM_ADMIN,BLOCKED,direct-tenant,BLOCKED_PENDING_FORMAL_CONTRACT,BLOCKED_PENDING_FORMAL_CONTRACT,BLOCKED_PENDING_FORMAL_CONTRACT,BLOCKED_PENDING_FORMAL_CONTRACT,默认不授予跨租户，例外须逐项审批,DB6-DEC-024
DB6-TABLE-024,JournalEntry,BACKGROUND_TASK,BLOCKED,direct-tenant,BLOCKED_PENDING_FORMAL_CONTRACT,BLOCKED_PENDING_FORMAL_CONTRACT,BLOCKED_PENDING_FORMAL_CONTRACT,BLOCKED_PENDING_FORMAL_CONTRACT,独立用途及租户批次，禁止通用任务全表授权,DB6-DEC-024
DB6-TABLE-024,JournalEntry,BACKEND_RUNTIME,BLOCKED,direct-tenant,BLOCKED_PENDING_FORMAL_CONTRACT,BLOCKED_PENDING_FORMAL_CONTRACT,BLOCKED_PENDING_FORMAL_CONTRACT,BLOCKED_PENDING_FORMAL_CONTRACT,传输已验证业务主体，不因服务身份获得额外权限,DB6-DEC-024
DB6-TABLE-024,JournalEntry,MIGRATION_OWNER,BLOCKED,direct-tenant,BLOCKED_PENDING_FORMAL_CONTRACT,BLOCKED_PENDING_FORMAL_CONTRACT,BLOCKED_PENDING_FORMAL_CONTRACT,BLOCKED_PENDING_FORMAL_CONTRACT,仅迁移/初始化职责，不用于业务/RLS验收,DB6-DEC-024
DB6-TABLE-025,Merchant,USER,BLOCKED,direct-tenant,BLOCKED_PENDING_FORMAL_CONTRACT,BLOCKED_PENDING_FORMAL_CONTRACT,BLOCKED_PENDING_FORMAL_CONTRACT,BLOCKED_PENDING_FORMAL_CONTRACT,本人对象，必须有服务端主体归属链,DB6-DEC-025
DB6-TABLE-025,Merchant,TENANT_ADMIN,BLOCKED,direct-tenant,BLOCKED_PENDING_FORMAL_CONTRACT,BLOCKED_PENDING_FORMAL_CONTRACT,BLOCKED_PENDING_FORMAL_CONTRACT,BLOCKED_PENDING_FORMAL_CONTRACT,本租户业务对象，非本租户拒绝,DB6-DEC-025
DB6-TABLE-025,Merchant,PLATFORM_ADMIN,BLOCKED,direct-tenant,BLOCKED_PENDING_FORMAL_CONTRACT,BLOCKED_PENDING_FORMAL_CONTRACT,BLOCKED_PENDING_FORMAL_CONTRACT,BLOCKED_PENDING_FORMAL_CONTRACT,默认不授予跨租户，例外须逐项审批,DB6-DEC-025
DB6-TABLE-025,Merchant,BACKGROUND_TASK,BLOCKED,direct-tenant,BLOCKED_PENDING_FORMAL_CONTRACT,BLOCKED_PENDING_FORMAL_CONTRACT,BLOCKED_PENDING_FORMAL_CONTRACT,BLOCKED_PENDING_FORMAL_CONTRACT,独立用途及租户批次，禁止通用任务全表授权,DB6-DEC-025
DB6-TABLE-025,Merchant,BACKEND_RUNTIME,BLOCKED,direct-tenant,BLOCKED_PENDING_FORMAL_CONTRACT,BLOCKED_PENDING_FORMAL_CONTRACT,BLOCKED_PENDING_FORMAL_CONTRACT,BLOCKED_PENDING_FORMAL_CONTRACT,传输已验证业务主体，不因服务身份获得额外权限,DB6-DEC-025
DB6-TABLE-025,Merchant,MIGRATION_OWNER,BLOCKED,direct-tenant,BLOCKED_PENDING_FORMAL_CONTRACT,BLOCKED_PENDING_FORMAL_CONTRACT,BLOCKED_PENDING_FORMAL_CONTRACT,BLOCKED_PENDING_FORMAL_CONTRACT,仅迁移/初始化职责，不用于业务/RLS验收,DB6-DEC-025
DB6-TABLE-026,MerchantPayment,USER,BLOCKED,direct-tenant,BLOCKED_PENDING_FORMAL_CONTRACT,BLOCKED_PENDING_FORMAL_CONTRACT,BLOCKED_PENDING_FORMAL_CONTRACT,BLOCKED_PENDING_FORMAL_CONTRACT,本人对象，必须有服务端主体归属链,DB6-DEC-026
DB6-TABLE-026,MerchantPayment,TENANT_ADMIN,BLOCKED,direct-tenant,BLOCKED_PENDING_FORMAL_CONTRACT,BLOCKED_PENDING_FORMAL_CONTRACT,BLOCKED_PENDING_FORMAL_CONTRACT,BLOCKED_PENDING_FORMAL_CONTRACT,本租户业务对象，非本租户拒绝,DB6-DEC-026
DB6-TABLE-026,MerchantPayment,PLATFORM_ADMIN,BLOCKED,direct-tenant,BLOCKED_PENDING_FORMAL_CONTRACT,BLOCKED_PENDING_FORMAL_CONTRACT,BLOCKED_PENDING_FORMAL_CONTRACT,BLOCKED_PENDING_FORMAL_CONTRACT,默认不授予跨租户，例外须逐项审批,DB6-DEC-026
DB6-TABLE-026,MerchantPayment,BACKGROUND_TASK,BLOCKED,direct-tenant,BLOCKED_PENDING_FORMAL_CONTRACT,BLOCKED_PENDING_FORMAL_CONTRACT,BLOCKED_PENDING_FORMAL_CONTRACT,BLOCKED_PENDING_FORMAL_CONTRACT,独立用途及租户批次，禁止通用任务全表授权,DB6-DEC-026
DB6-TABLE-026,MerchantPayment,BACKEND_RUNTIME,BLOCKED,direct-tenant,BLOCKED_PENDING_FORMAL_CONTRACT,BLOCKED_PENDING_FORMAL_CONTRACT,BLOCKED_PENDING_FORMAL_CONTRACT,BLOCKED_PENDING_FORMAL_CONTRACT,传输已验证业务主体，不因服务身份获得额外权限,DB6-DEC-026
DB6-TABLE-026,MerchantPayment,MIGRATION_OWNER,BLOCKED,direct-tenant,BLOCKED_PENDING_FORMAL_CONTRACT,BLOCKED_PENDING_FORMAL_CONTRACT,BLOCKED_PENDING_FORMAL_CONTRACT,BLOCKED_PENDING_FORMAL_CONTRACT,仅迁移/初始化职责，不用于业务/RLS验收,DB6-DEC-026
DB6-TABLE-027,MerchantQrCode,USER,BLOCKED,direct-tenant,BLOCKED_PENDING_FORMAL_CONTRACT,BLOCKED_PENDING_FORMAL_CONTRACT,BLOCKED_PENDING_FORMAL_CONTRACT,BLOCKED_PENDING_FORMAL_CONTRACT,本人对象，必须有服务端主体归属链,DB6-DEC-027
DB6-TABLE-027,MerchantQrCode,TENANT_ADMIN,BLOCKED,direct-tenant,BLOCKED_PENDING_FORMAL_CONTRACT,BLOCKED_PENDING_FORMAL_CONTRACT,BLOCKED_PENDING_FORMAL_CONTRACT,BLOCKED_PENDING_FORMAL_CONTRACT,本租户业务对象，非本租户拒绝,DB6-DEC-027
DB6-TABLE-027,MerchantQrCode,PLATFORM_ADMIN,BLOCKED,direct-tenant,BLOCKED_PENDING_FORMAL_CONTRACT,BLOCKED_PENDING_FORMAL_CONTRACT,BLOCKED_PENDING_FORMAL_CONTRACT,BLOCKED_PENDING_FORMAL_CONTRACT,默认不授予跨租户，例外须逐项审批,DB6-DEC-027
DB6-TABLE-027,MerchantQrCode,BACKGROUND_TASK,BLOCKED,direct-tenant,BLOCKED_PENDING_FORMAL_CONTRACT,BLOCKED_PENDING_FORMAL_CONTRACT,BLOCKED_PENDING_FORMAL_CONTRACT,BLOCKED_PENDING_FORMAL_CONTRACT,独立用途及租户批次，禁止通用任务全表授权,DB6-DEC-027
DB6-TABLE-027,MerchantQrCode,BACKEND_RUNTIME,BLOCKED,direct-tenant,BLOCKED_PENDING_FORMAL_CONTRACT,BLOCKED_PENDING_FORMAL_CONTRACT,BLOCKED_PENDING_FORMAL_CONTRACT,BLOCKED_PENDING_FORMAL_CONTRACT,传输已验证业务主体，不因服务身份获得额外权限,DB6-DEC-027
DB6-TABLE-027,MerchantQrCode,MIGRATION_OWNER,BLOCKED,direct-tenant,BLOCKED_PENDING_FORMAL_CONTRACT,BLOCKED_PENDING_FORMAL_CONTRACT,BLOCKED_PENDING_FORMAL_CONTRACT,BLOCKED_PENDING_FORMAL_CONTRACT,仅迁移/初始化职责，不用于业务/RLS验收,DB6-DEC-027
DB6-TABLE-028,Permission,USER,UNKNOWN,platform-or-unresolved,BLOCKED_PENDING_FORMAL_CONTRACT,BLOCKED_PENDING_FORMAL_CONTRACT,BLOCKED_PENDING_FORMAL_CONTRACT,BLOCKED_PENDING_FORMAL_CONTRACT,本人对象，必须有服务端主体归属链,DB6-DEC-028
DB6-TABLE-028,Permission,TENANT_ADMIN,UNKNOWN,platform-or-unresolved,BLOCKED_PENDING_FORMAL_CONTRACT,BLOCKED_PENDING_FORMAL_CONTRACT,BLOCKED_PENDING_FORMAL_CONTRACT,BLOCKED_PENDING_FORMAL_CONTRACT,本租户业务对象，非本租户拒绝,DB6-DEC-028
DB6-TABLE-028,Permission,PLATFORM_ADMIN,UNKNOWN,platform-or-unresolved,BLOCKED_PENDING_FORMAL_CONTRACT,BLOCKED_PENDING_FORMAL_CONTRACT,BLOCKED_PENDING_FORMAL_CONTRACT,BLOCKED_PENDING_FORMAL_CONTRACT,默认不授予跨租户，例外须逐项审批,DB6-DEC-028
DB6-TABLE-028,Permission,BACKGROUND_TASK,UNKNOWN,platform-or-unresolved,BLOCKED_PENDING_FORMAL_CONTRACT,BLOCKED_PENDING_FORMAL_CONTRACT,BLOCKED_PENDING_FORMAL_CONTRACT,BLOCKED_PENDING_FORMAL_CONTRACT,独立用途及租户批次，禁止通用任务全表授权,DB6-DEC-028
DB6-TABLE-028,Permission,BACKEND_RUNTIME,UNKNOWN,platform-or-unresolved,BLOCKED_PENDING_FORMAL_CONTRACT,BLOCKED_PENDING_FORMAL_CONTRACT,BLOCKED_PENDING_FORMAL_CONTRACT,BLOCKED_PENDING_FORMAL_CONTRACT,传输已验证业务主体，不因服务身份获得额外权限,DB6-DEC-028
DB6-TABLE-028,Permission,MIGRATION_OWNER,UNKNOWN,platform-or-unresolved,BLOCKED_PENDING_FORMAL_CONTRACT,BLOCKED_PENDING_FORMAL_CONTRACT,BLOCKED_PENDING_FORMAL_CONTRACT,BLOCKED_PENDING_FORMAL_CONTRACT,仅迁移/初始化职责，不用于业务/RLS验收,DB6-DEC-028
DB6-TABLE-029,ProviderOperation,USER,BLOCKED,direct-tenant,BLOCKED_PENDING_FORMAL_CONTRACT,BLOCKED_PENDING_FORMAL_CONTRACT,BLOCKED_PENDING_FORMAL_CONTRACT,BLOCKED_PENDING_FORMAL_CONTRACT,本人对象，必须有服务端主体归属链,DB6-DEC-029
DB6-TABLE-029,ProviderOperation,TENANT_ADMIN,BLOCKED,direct-tenant,BLOCKED_PENDING_FORMAL_CONTRACT,BLOCKED_PENDING_FORMAL_CONTRACT,BLOCKED_PENDING_FORMAL_CONTRACT,BLOCKED_PENDING_FORMAL_CONTRACT,本租户业务对象，非本租户拒绝,DB6-DEC-029
DB6-TABLE-029,ProviderOperation,PLATFORM_ADMIN,BLOCKED,direct-tenant,BLOCKED_PENDING_FORMAL_CONTRACT,BLOCKED_PENDING_FORMAL_CONTRACT,BLOCKED_PENDING_FORMAL_CONTRACT,BLOCKED_PENDING_FORMAL_CONTRACT,默认不授予跨租户，例外须逐项审批,DB6-DEC-029
DB6-TABLE-029,ProviderOperation,BACKGROUND_TASK,BLOCKED,direct-tenant,BLOCKED_PENDING_FORMAL_CONTRACT,BLOCKED_PENDING_FORMAL_CONTRACT,BLOCKED_PENDING_FORMAL_CONTRACT,BLOCKED_PENDING_FORMAL_CONTRACT,独立用途及租户批次，禁止通用任务全表授权,DB6-DEC-029
DB6-TABLE-029,ProviderOperation,BACKEND_RUNTIME,BLOCKED,direct-tenant,BLOCKED_PENDING_FORMAL_CONTRACT,BLOCKED_PENDING_FORMAL_CONTRACT,BLOCKED_PENDING_FORMAL_CONTRACT,BLOCKED_PENDING_FORMAL_CONTRACT,传输已验证业务主体，不因服务身份获得额外权限,DB6-DEC-029
DB6-TABLE-029,ProviderOperation,MIGRATION_OWNER,BLOCKED,direct-tenant,BLOCKED_PENDING_FORMAL_CONTRACT,BLOCKED_PENDING_FORMAL_CONTRACT,BLOCKED_PENDING_FORMAL_CONTRACT,BLOCKED_PENDING_FORMAL_CONTRACT,仅迁移/初始化职责，不用于业务/RLS验收,DB6-DEC-029
DB6-TABLE-030,Role,USER,UNKNOWN,platform-or-unresolved,BLOCKED_PENDING_FORMAL_CONTRACT,BLOCKED_PENDING_FORMAL_CONTRACT,BLOCKED_PENDING_FORMAL_CONTRACT,BLOCKED_PENDING_FORMAL_CONTRACT,本人对象，必须有服务端主体归属链,DB6-DEC-030
DB6-TABLE-030,Role,TENANT_ADMIN,UNKNOWN,platform-or-unresolved,BLOCKED_PENDING_FORMAL_CONTRACT,BLOCKED_PENDING_FORMAL_CONTRACT,BLOCKED_PENDING_FORMAL_CONTRACT,BLOCKED_PENDING_FORMAL_CONTRACT,本租户业务对象，非本租户拒绝,DB6-DEC-030
DB6-TABLE-030,Role,PLATFORM_ADMIN,UNKNOWN,platform-or-unresolved,BLOCKED_PENDING_FORMAL_CONTRACT,BLOCKED_PENDING_FORMAL_CONTRACT,BLOCKED_PENDING_FORMAL_CONTRACT,BLOCKED_PENDING_FORMAL_CONTRACT,默认不授予跨租户，例外须逐项审批,DB6-DEC-030
DB6-TABLE-030,Role,BACKGROUND_TASK,UNKNOWN,platform-or-unresolved,BLOCKED_PENDING_FORMAL_CONTRACT,BLOCKED_PENDING_FORMAL_CONTRACT,BLOCKED_PENDING_FORMAL_CONTRACT,BLOCKED_PENDING_FORMAL_CONTRACT,独立用途及租户批次，禁止通用任务全表授权,DB6-DEC-030
DB6-TABLE-030,Role,BACKEND_RUNTIME,UNKNOWN,platform-or-unresolved,BLOCKED_PENDING_FORMAL_CONTRACT,BLOCKED_PENDING_FORMAL_CONTRACT,BLOCKED_PENDING_FORMAL_CONTRACT,BLOCKED_PENDING_FORMAL_CONTRACT,传输已验证业务主体，不因服务身份获得额外权限,DB6-DEC-030
DB6-TABLE-030,Role,MIGRATION_OWNER,UNKNOWN,platform-or-unresolved,BLOCKED_PENDING_FORMAL_CONTRACT,BLOCKED_PENDING_FORMAL_CONTRACT,BLOCKED_PENDING_FORMAL_CONTRACT,BLOCKED_PENDING_FORMAL_CONTRACT,仅迁移/初始化职责，不用于业务/RLS验收,DB6-DEC-030
DB6-TABLE-031,RolePermission,USER,UNKNOWN,platform-or-unresolved,BLOCKED_PENDING_FORMAL_CONTRACT,BLOCKED_PENDING_FORMAL_CONTRACT,BLOCKED_PENDING_FORMAL_CONTRACT,BLOCKED_PENDING_FORMAL_CONTRACT,本人对象，必须有服务端主体归属链,DB6-DEC-031
DB6-TABLE-031,RolePermission,TENANT_ADMIN,UNKNOWN,platform-or-unresolved,BLOCKED_PENDING_FORMAL_CONTRACT,BLOCKED_PENDING_FORMAL_CONTRACT,BLOCKED_PENDING_FORMAL_CONTRACT,BLOCKED_PENDING_FORMAL_CONTRACT,本租户业务对象，非本租户拒绝,DB6-DEC-031
DB6-TABLE-031,RolePermission,PLATFORM_ADMIN,UNKNOWN,platform-or-unresolved,BLOCKED_PENDING_FORMAL_CONTRACT,BLOCKED_PENDING_FORMAL_CONTRACT,BLOCKED_PENDING_FORMAL_CONTRACT,BLOCKED_PENDING_FORMAL_CONTRACT,默认不授予跨租户，例外须逐项审批,DB6-DEC-031
DB6-TABLE-031,RolePermission,BACKGROUND_TASK,UNKNOWN,platform-or-unresolved,BLOCKED_PENDING_FORMAL_CONTRACT,BLOCKED_PENDING_FORMAL_CONTRACT,BLOCKED_PENDING_FORMAL_CONTRACT,BLOCKED_PENDING_FORMAL_CONTRACT,独立用途及租户批次，禁止通用任务全表授权,DB6-DEC-031
DB6-TABLE-031,RolePermission,BACKEND_RUNTIME,UNKNOWN,platform-or-unresolved,BLOCKED_PENDING_FORMAL_CONTRACT,BLOCKED_PENDING_FORMAL_CONTRACT,BLOCKED_PENDING_FORMAL_CONTRACT,BLOCKED_PENDING_FORMAL_CONTRACT,传输已验证业务主体，不因服务身份获得额外权限,DB6-DEC-031
DB6-TABLE-031,RolePermission,MIGRATION_OWNER,UNKNOWN,platform-or-unresolved,BLOCKED_PENDING_FORMAL_CONTRACT,BLOCKED_PENDING_FORMAL_CONTRACT,BLOCKED_PENDING_FORMAL_CONTRACT,BLOCKED_PENDING_FORMAL_CONTRACT,仅迁移/初始化职责，不用于业务/RLS验收,DB6-DEC-031
DB6-TABLE-032,SettlementBatch,USER,BLOCKED,direct-tenant,BLOCKED_PENDING_FORMAL_CONTRACT,BLOCKED_PENDING_FORMAL_CONTRACT,BLOCKED_PENDING_FORMAL_CONTRACT,BLOCKED_PENDING_FORMAL_CONTRACT,本人对象，必须有服务端主体归属链,DB6-DEC-032
DB6-TABLE-032,SettlementBatch,TENANT_ADMIN,BLOCKED,direct-tenant,BLOCKED_PENDING_FORMAL_CONTRACT,BLOCKED_PENDING_FORMAL_CONTRACT,BLOCKED_PENDING_FORMAL_CONTRACT,BLOCKED_PENDING_FORMAL_CONTRACT,本租户业务对象，非本租户拒绝,DB6-DEC-032
DB6-TABLE-032,SettlementBatch,PLATFORM_ADMIN,BLOCKED,direct-tenant,BLOCKED_PENDING_FORMAL_CONTRACT,BLOCKED_PENDING_FORMAL_CONTRACT,BLOCKED_PENDING_FORMAL_CONTRACT,BLOCKED_PENDING_FORMAL_CONTRACT,默认不授予跨租户，例外须逐项审批,DB6-DEC-032
DB6-TABLE-032,SettlementBatch,BACKGROUND_TASK,BLOCKED,direct-tenant,BLOCKED_PENDING_FORMAL_CONTRACT,BLOCKED_PENDING_FORMAL_CONTRACT,BLOCKED_PENDING_FORMAL_CONTRACT,BLOCKED_PENDING_FORMAL_CONTRACT,独立用途及租户批次，禁止通用任务全表授权,DB6-DEC-032
DB6-TABLE-032,SettlementBatch,BACKEND_RUNTIME,BLOCKED,direct-tenant,BLOCKED_PENDING_FORMAL_CONTRACT,BLOCKED_PENDING_FORMAL_CONTRACT,BLOCKED_PENDING_FORMAL_CONTRACT,BLOCKED_PENDING_FORMAL_CONTRACT,传输已验证业务主体，不因服务身份获得额外权限,DB6-DEC-032
DB6-TABLE-032,SettlementBatch,MIGRATION_OWNER,BLOCKED,direct-tenant,BLOCKED_PENDING_FORMAL_CONTRACT,BLOCKED_PENDING_FORMAL_CONTRACT,BLOCKED_PENDING_FORMAL_CONTRACT,BLOCKED_PENDING_FORMAL_CONTRACT,仅迁移/初始化职责，不用于业务/RLS验收,DB6-DEC-032
DB6-TABLE-033,SettlementItem,USER,BLOCKED,indirect-tenant,BLOCKED_PENDING_FORMAL_CONTRACT,BLOCKED_PENDING_FORMAL_CONTRACT,BLOCKED_PENDING_FORMAL_CONTRACT,BLOCKED_PENDING_FORMAL_CONTRACT,本人对象，必须有服务端主体归属链,DB6-DEC-033
DB6-TABLE-033,SettlementItem,TENANT_ADMIN,BLOCKED,indirect-tenant,BLOCKED_PENDING_FORMAL_CONTRACT,BLOCKED_PENDING_FORMAL_CONTRACT,BLOCKED_PENDING_FORMAL_CONTRACT,BLOCKED_PENDING_FORMAL_CONTRACT,本租户业务对象，非本租户拒绝,DB6-DEC-033
DB6-TABLE-033,SettlementItem,PLATFORM_ADMIN,BLOCKED,indirect-tenant,BLOCKED_PENDING_FORMAL_CONTRACT,BLOCKED_PENDING_FORMAL_CONTRACT,BLOCKED_PENDING_FORMAL_CONTRACT,BLOCKED_PENDING_FORMAL_CONTRACT,默认不授予跨租户，例外须逐项审批,DB6-DEC-033
DB6-TABLE-033,SettlementItem,BACKGROUND_TASK,BLOCKED,indirect-tenant,BLOCKED_PENDING_FORMAL_CONTRACT,BLOCKED_PENDING_FORMAL_CONTRACT,BLOCKED_PENDING_FORMAL_CONTRACT,BLOCKED_PENDING_FORMAL_CONTRACT,独立用途及租户批次，禁止通用任务全表授权,DB6-DEC-033
DB6-TABLE-033,SettlementItem,BACKEND_RUNTIME,BLOCKED,indirect-tenant,BLOCKED_PENDING_FORMAL_CONTRACT,BLOCKED_PENDING_FORMAL_CONTRACT,BLOCKED_PENDING_FORMAL_CONTRACT,BLOCKED_PENDING_FORMAL_CONTRACT,传输已验证业务主体，不因服务身份获得额外权限,DB6-DEC-033
DB6-TABLE-033,SettlementItem,MIGRATION_OWNER,BLOCKED,indirect-tenant,BLOCKED_PENDING_FORMAL_CONTRACT,BLOCKED_PENDING_FORMAL_CONTRACT,BLOCKED_PENDING_FORMAL_CONTRACT,BLOCKED_PENDING_FORMAL_CONTRACT,仅迁移/初始化职责，不用于业务/RLS验收,DB6-DEC-033
DB6-TABLE-034,SimulationRecord,USER,BLOCKED,direct-tenant,BLOCKED_PENDING_FORMAL_CONTRACT,BLOCKED_PENDING_FORMAL_CONTRACT,BLOCKED_PENDING_FORMAL_CONTRACT,BLOCKED_PENDING_FORMAL_CONTRACT,本人对象，必须有服务端主体归属链,DB6-DEC-034
DB6-TABLE-034,SimulationRecord,TENANT_ADMIN,BLOCKED,direct-tenant,BLOCKED_PENDING_FORMAL_CONTRACT,BLOCKED_PENDING_FORMAL_CONTRACT,BLOCKED_PENDING_FORMAL_CONTRACT,BLOCKED_PENDING_FORMAL_CONTRACT,本租户业务对象，非本租户拒绝,DB6-DEC-034
DB6-TABLE-034,SimulationRecord,PLATFORM_ADMIN,BLOCKED,direct-tenant,BLOCKED_PENDING_FORMAL_CONTRACT,BLOCKED_PENDING_FORMAL_CONTRACT,BLOCKED_PENDING_FORMAL_CONTRACT,BLOCKED_PENDING_FORMAL_CONTRACT,默认不授予跨租户，例外须逐项审批,DB6-DEC-034
DB6-TABLE-034,SimulationRecord,BACKGROUND_TASK,BLOCKED,direct-tenant,BLOCKED_PENDING_FORMAL_CONTRACT,BLOCKED_PENDING_FORMAL_CONTRACT,BLOCKED_PENDING_FORMAL_CONTRACT,BLOCKED_PENDING_FORMAL_CONTRACT,独立用途及租户批次，禁止通用任务全表授权,DB6-DEC-034
DB6-TABLE-034,SimulationRecord,BACKEND_RUNTIME,BLOCKED,direct-tenant,BLOCKED_PENDING_FORMAL_CONTRACT,BLOCKED_PENDING_FORMAL_CONTRACT,BLOCKED_PENDING_FORMAL_CONTRACT,BLOCKED_PENDING_FORMAL_CONTRACT,传输已验证业务主体，不因服务身份获得额外权限,DB6-DEC-034
DB6-TABLE-034,SimulationRecord,MIGRATION_OWNER,BLOCKED,direct-tenant,BLOCKED_PENDING_FORMAL_CONTRACT,BLOCKED_PENDING_FORMAL_CONTRACT,BLOCKED_PENDING_FORMAL_CONTRACT,BLOCKED_PENDING_FORMAL_CONTRACT,仅迁移/初始化职责，不用于业务/RLS验收,DB6-DEC-034
DB6-TABLE-035,SimulationScenario,USER,BLOCKED,direct-tenant,BLOCKED_PENDING_FORMAL_CONTRACT,BLOCKED_PENDING_FORMAL_CONTRACT,BLOCKED_PENDING_FORMAL_CONTRACT,BLOCKED_PENDING_FORMAL_CONTRACT,本人对象，必须有服务端主体归属链,DB6-DEC-035
DB6-TABLE-035,SimulationScenario,TENANT_ADMIN,BLOCKED,direct-tenant,BLOCKED_PENDING_FORMAL_CONTRACT,BLOCKED_PENDING_FORMAL_CONTRACT,BLOCKED_PENDING_FORMAL_CONTRACT,BLOCKED_PENDING_FORMAL_CONTRACT,本租户业务对象，非本租户拒绝,DB6-DEC-035
DB6-TABLE-035,SimulationScenario,PLATFORM_ADMIN,BLOCKED,direct-tenant,BLOCKED_PENDING_FORMAL_CONTRACT,BLOCKED_PENDING_FORMAL_CONTRACT,BLOCKED_PENDING_FORMAL_CONTRACT,BLOCKED_PENDING_FORMAL_CONTRACT,默认不授予跨租户，例外须逐项审批,DB6-DEC-035
DB6-TABLE-035,SimulationScenario,BACKGROUND_TASK,BLOCKED,direct-tenant,BLOCKED_PENDING_FORMAL_CONTRACT,BLOCKED_PENDING_FORMAL_CONTRACT,BLOCKED_PENDING_FORMAL_CONTRACT,BLOCKED_PENDING_FORMAL_CONTRACT,独立用途及租户批次，禁止通用任务全表授权,DB6-DEC-035
DB6-TABLE-035,SimulationScenario,BACKEND_RUNTIME,BLOCKED,direct-tenant,BLOCKED_PENDING_FORMAL_CONTRACT,BLOCKED_PENDING_FORMAL_CONTRACT,BLOCKED_PENDING_FORMAL_CONTRACT,BLOCKED_PENDING_FORMAL_CONTRACT,传输已验证业务主体，不因服务身份获得额外权限,DB6-DEC-035
DB6-TABLE-035,SimulationScenario,MIGRATION_OWNER,BLOCKED,direct-tenant,BLOCKED_PENDING_FORMAL_CONTRACT,BLOCKED_PENDING_FORMAL_CONTRACT,BLOCKED_PENDING_FORMAL_CONTRACT,BLOCKED_PENDING_FORMAL_CONTRACT,仅迁移/初始化职责，不用于业务/RLS验收,DB6-DEC-035
DB6-TABLE-036,Tenant,USER,BLOCKED,tenant-root,BLOCKED_PENDING_FORMAL_CONTRACT,BLOCKED_PENDING_FORMAL_CONTRACT,BLOCKED_PENDING_FORMAL_CONTRACT,BLOCKED_PENDING_FORMAL_CONTRACT,本人对象，必须有服务端主体归属链,DB6-DEC-036
DB6-TABLE-036,Tenant,TENANT_ADMIN,BLOCKED,tenant-root,BLOCKED_PENDING_FORMAL_CONTRACT,BLOCKED_PENDING_FORMAL_CONTRACT,BLOCKED_PENDING_FORMAL_CONTRACT,BLOCKED_PENDING_FORMAL_CONTRACT,本租户业务对象，非本租户拒绝,DB6-DEC-036
DB6-TABLE-036,Tenant,PLATFORM_ADMIN,BLOCKED,tenant-root,BLOCKED_PENDING_FORMAL_CONTRACT,BLOCKED_PENDING_FORMAL_CONTRACT,BLOCKED_PENDING_FORMAL_CONTRACT,BLOCKED_PENDING_FORMAL_CONTRACT,默认不授予跨租户，例外须逐项审批,DB6-DEC-036
DB6-TABLE-036,Tenant,BACKGROUND_TASK,BLOCKED,tenant-root,BLOCKED_PENDING_FORMAL_CONTRACT,BLOCKED_PENDING_FORMAL_CONTRACT,BLOCKED_PENDING_FORMAL_CONTRACT,BLOCKED_PENDING_FORMAL_CONTRACT,独立用途及租户批次，禁止通用任务全表授权,DB6-DEC-036
DB6-TABLE-036,Tenant,BACKEND_RUNTIME,BLOCKED,tenant-root,BLOCKED_PENDING_FORMAL_CONTRACT,BLOCKED_PENDING_FORMAL_CONTRACT,BLOCKED_PENDING_FORMAL_CONTRACT,BLOCKED_PENDING_FORMAL_CONTRACT,传输已验证业务主体，不因服务身份获得额外权限,DB6-DEC-036
DB6-TABLE-036,Tenant,MIGRATION_OWNER,BLOCKED,tenant-root,BLOCKED_PENDING_FORMAL_CONTRACT,BLOCKED_PENDING_FORMAL_CONTRACT,BLOCKED_PENDING_FORMAL_CONTRACT,BLOCKED_PENDING_FORMAL_CONTRACT,仅迁移/初始化职责，不用于业务/RLS验收,DB6-DEC-036
DB6-TABLE-037,TenantCardProviderConfig,USER,BLOCKED,direct-tenant,BLOCKED_PENDING_FORMAL_CONTRACT,BLOCKED_PENDING_FORMAL_CONTRACT,BLOCKED_PENDING_FORMAL_CONTRACT,BLOCKED_PENDING_FORMAL_CONTRACT,本人对象，必须有服务端主体归属链,DB6-DEC-037
DB6-TABLE-037,TenantCardProviderConfig,TENANT_ADMIN,BLOCKED,direct-tenant,BLOCKED_PENDING_FORMAL_CONTRACT,BLOCKED_PENDING_FORMAL_CONTRACT,BLOCKED_PENDING_FORMAL_CONTRACT,BLOCKED_PENDING_FORMAL_CONTRACT,本租户业务对象，非本租户拒绝,DB6-DEC-037
DB6-TABLE-037,TenantCardProviderConfig,PLATFORM_ADMIN,BLOCKED,direct-tenant,BLOCKED_PENDING_FORMAL_CONTRACT,BLOCKED_PENDING_FORMAL_CONTRACT,BLOCKED_PENDING_FORMAL_CONTRACT,BLOCKED_PENDING_FORMAL_CONTRACT,默认不授予跨租户，例外须逐项审批,DB6-DEC-037
DB6-TABLE-037,TenantCardProviderConfig,BACKGROUND_TASK,BLOCKED,direct-tenant,BLOCKED_PENDING_FORMAL_CONTRACT,BLOCKED_PENDING_FORMAL_CONTRACT,BLOCKED_PENDING_FORMAL_CONTRACT,BLOCKED_PENDING_FORMAL_CONTRACT,独立用途及租户批次，禁止通用任务全表授权,DB6-DEC-037
DB6-TABLE-037,TenantCardProviderConfig,BACKEND_RUNTIME,BLOCKED,direct-tenant,BLOCKED_PENDING_FORMAL_CONTRACT,BLOCKED_PENDING_FORMAL_CONTRACT,BLOCKED_PENDING_FORMAL_CONTRACT,BLOCKED_PENDING_FORMAL_CONTRACT,传输已验证业务主体，不因服务身份获得额外权限,DB6-DEC-037
DB6-TABLE-037,TenantCardProviderConfig,MIGRATION_OWNER,BLOCKED,direct-tenant,BLOCKED_PENDING_FORMAL_CONTRACT,BLOCKED_PENDING_FORMAL_CONTRACT,BLOCKED_PENDING_FORMAL_CONTRACT,BLOCKED_PENDING_FORMAL_CONTRACT,仅迁移/初始化职责，不用于业务/RLS验收,DB6-DEC-037
DB6-TABLE-038,TenantUser,USER,BLOCKED,direct-tenant,BLOCKED_PENDING_FORMAL_CONTRACT,BLOCKED_PENDING_FORMAL_CONTRACT,BLOCKED_PENDING_FORMAL_CONTRACT,BLOCKED_PENDING_FORMAL_CONTRACT,本人对象，必须有服务端主体归属链,DB6-DEC-038
DB6-TABLE-038,TenantUser,TENANT_ADMIN,BLOCKED,direct-tenant,BLOCKED_PENDING_FORMAL_CONTRACT,BLOCKED_PENDING_FORMAL_CONTRACT,BLOCKED_PENDING_FORMAL_CONTRACT,BLOCKED_PENDING_FORMAL_CONTRACT,本租户业务对象，非本租户拒绝,DB6-DEC-038
DB6-TABLE-038,TenantUser,PLATFORM_ADMIN,BLOCKED,direct-tenant,BLOCKED_PENDING_FORMAL_CONTRACT,BLOCKED_PENDING_FORMAL_CONTRACT,BLOCKED_PENDING_FORMAL_CONTRACT,BLOCKED_PENDING_FORMAL_CONTRACT,默认不授予跨租户，例外须逐项审批,DB6-DEC-038
DB6-TABLE-038,TenantUser,BACKGROUND_TASK,BLOCKED,direct-tenant,BLOCKED_PENDING_FORMAL_CONTRACT,BLOCKED_PENDING_FORMAL_CONTRACT,BLOCKED_PENDING_FORMAL_CONTRACT,BLOCKED_PENDING_FORMAL_CONTRACT,独立用途及租户批次，禁止通用任务全表授权,DB6-DEC-038
DB6-TABLE-038,TenantUser,BACKEND_RUNTIME,BLOCKED,direct-tenant,BLOCKED_PENDING_FORMAL_CONTRACT,BLOCKED_PENDING_FORMAL_CONTRACT,BLOCKED_PENDING_FORMAL_CONTRACT,BLOCKED_PENDING_FORMAL_CONTRACT,传输已验证业务主体，不因服务身份获得额外权限,DB6-DEC-038
DB6-TABLE-038,TenantUser,MIGRATION_OWNER,BLOCKED,direct-tenant,BLOCKED_PENDING_FORMAL_CONTRACT,BLOCKED_PENDING_FORMAL_CONTRACT,BLOCKED_PENDING_FORMAL_CONTRACT,BLOCKED_PENDING_FORMAL_CONTRACT,仅迁移/初始化职责，不用于业务/RLS验收,DB6-DEC-038
DB6-TABLE-039,TenantUserRole,USER,BLOCKED,indirect-tenant,BLOCKED_PENDING_FORMAL_CONTRACT,BLOCKED_PENDING_FORMAL_CONTRACT,BLOCKED_PENDING_FORMAL_CONTRACT,BLOCKED_PENDING_FORMAL_CONTRACT,本人对象，必须有服务端主体归属链,DB6-DEC-039
DB6-TABLE-039,TenantUserRole,TENANT_ADMIN,BLOCKED,indirect-tenant,BLOCKED_PENDING_FORMAL_CONTRACT,BLOCKED_PENDING_FORMAL_CONTRACT,BLOCKED_PENDING_FORMAL_CONTRACT,BLOCKED_PENDING_FORMAL_CONTRACT,本租户业务对象，非本租户拒绝,DB6-DEC-039
DB6-TABLE-039,TenantUserRole,PLATFORM_ADMIN,BLOCKED,indirect-tenant,BLOCKED_PENDING_FORMAL_CONTRACT,BLOCKED_PENDING_FORMAL_CONTRACT,BLOCKED_PENDING_FORMAL_CONTRACT,BLOCKED_PENDING_FORMAL_CONTRACT,默认不授予跨租户，例外须逐项审批,DB6-DEC-039
DB6-TABLE-039,TenantUserRole,BACKGROUND_TASK,BLOCKED,indirect-tenant,BLOCKED_PENDING_FORMAL_CONTRACT,BLOCKED_PENDING_FORMAL_CONTRACT,BLOCKED_PENDING_FORMAL_CONTRACT,BLOCKED_PENDING_FORMAL_CONTRACT,独立用途及租户批次，禁止通用任务全表授权,DB6-DEC-039
DB6-TABLE-039,TenantUserRole,BACKEND_RUNTIME,BLOCKED,indirect-tenant,BLOCKED_PENDING_FORMAL_CONTRACT,BLOCKED_PENDING_FORMAL_CONTRACT,BLOCKED_PENDING_FORMAL_CONTRACT,BLOCKED_PENDING_FORMAL_CONTRACT,传输已验证业务主体，不因服务身份获得额外权限,DB6-DEC-039
DB6-TABLE-039,TenantUserRole,MIGRATION_OWNER,BLOCKED,indirect-tenant,BLOCKED_PENDING_FORMAL_CONTRACT,BLOCKED_PENDING_FORMAL_CONTRACT,BLOCKED_PENDING_FORMAL_CONTRACT,BLOCKED_PENDING_FORMAL_CONTRACT,仅迁移/初始化职责，不用于业务/RLS验收,DB6-DEC-039
DB6-TABLE-040,TreasuryPosition,USER,BLOCKED,direct-tenant,BLOCKED_PENDING_FORMAL_CONTRACT,BLOCKED_PENDING_FORMAL_CONTRACT,BLOCKED_PENDING_FORMAL_CONTRACT,BLOCKED_PENDING_FORMAL_CONTRACT,本人对象，必须有服务端主体归属链,DB6-DEC-040
DB6-TABLE-040,TreasuryPosition,TENANT_ADMIN,BLOCKED,direct-tenant,BLOCKED_PENDING_FORMAL_CONTRACT,BLOCKED_PENDING_FORMAL_CONTRACT,BLOCKED_PENDING_FORMAL_CONTRACT,BLOCKED_PENDING_FORMAL_CONTRACT,本租户业务对象，非本租户拒绝,DB6-DEC-040
DB6-TABLE-040,TreasuryPosition,PLATFORM_ADMIN,BLOCKED,direct-tenant,BLOCKED_PENDING_FORMAL_CONTRACT,BLOCKED_PENDING_FORMAL_CONTRACT,BLOCKED_PENDING_FORMAL_CONTRACT,BLOCKED_PENDING_FORMAL_CONTRACT,默认不授予跨租户，例外须逐项审批,DB6-DEC-040
DB6-TABLE-040,TreasuryPosition,BACKGROUND_TASK,BLOCKED,direct-tenant,BLOCKED_PENDING_FORMAL_CONTRACT,BLOCKED_PENDING_FORMAL_CONTRACT,BLOCKED_PENDING_FORMAL_CONTRACT,BLOCKED_PENDING_FORMAL_CONTRACT,独立用途及租户批次，禁止通用任务全表授权,DB6-DEC-040
DB6-TABLE-040,TreasuryPosition,BACKEND_RUNTIME,BLOCKED,direct-tenant,BLOCKED_PENDING_FORMAL_CONTRACT,BLOCKED_PENDING_FORMAL_CONTRACT,BLOCKED_PENDING_FORMAL_CONTRACT,BLOCKED_PENDING_FORMAL_CONTRACT,传输已验证业务主体，不因服务身份获得额外权限,DB6-DEC-040
DB6-TABLE-040,TreasuryPosition,MIGRATION_OWNER,BLOCKED,direct-tenant,BLOCKED_PENDING_FORMAL_CONTRACT,BLOCKED_PENDING_FORMAL_CONTRACT,BLOCKED_PENDING_FORMAL_CONTRACT,BLOCKED_PENDING_FORMAL_CONTRACT,仅迁移/初始化职责，不用于业务/RLS验收,DB6-DEC-040
DB6-TABLE-041,WalletAccount,USER,BLOCKED,direct-tenant,BLOCKED_PENDING_FORMAL_CONTRACT,BLOCKED_PENDING_FORMAL_CONTRACT,BLOCKED_PENDING_FORMAL_CONTRACT,BLOCKED_PENDING_FORMAL_CONTRACT,本人对象，必须有服务端主体归属链,DB6-DEC-041
DB6-TABLE-041,WalletAccount,TENANT_ADMIN,BLOCKED,direct-tenant,BLOCKED_PENDING_FORMAL_CONTRACT,BLOCKED_PENDING_FORMAL_CONTRACT,BLOCKED_PENDING_FORMAL_CONTRACT,BLOCKED_PENDING_FORMAL_CONTRACT,本租户业务对象，非本租户拒绝,DB6-DEC-041
DB6-TABLE-041,WalletAccount,PLATFORM_ADMIN,BLOCKED,direct-tenant,BLOCKED_PENDING_FORMAL_CONTRACT,BLOCKED_PENDING_FORMAL_CONTRACT,BLOCKED_PENDING_FORMAL_CONTRACT,BLOCKED_PENDING_FORMAL_CONTRACT,默认不授予跨租户，例外须逐项审批,DB6-DEC-041
DB6-TABLE-041,WalletAccount,BACKGROUND_TASK,BLOCKED,direct-tenant,BLOCKED_PENDING_FORMAL_CONTRACT,BLOCKED_PENDING_FORMAL_CONTRACT,BLOCKED_PENDING_FORMAL_CONTRACT,BLOCKED_PENDING_FORMAL_CONTRACT,独立用途及租户批次，禁止通用任务全表授权,DB6-DEC-041
DB6-TABLE-041,WalletAccount,BACKEND_RUNTIME,BLOCKED,direct-tenant,BLOCKED_PENDING_FORMAL_CONTRACT,BLOCKED_PENDING_FORMAL_CONTRACT,BLOCKED_PENDING_FORMAL_CONTRACT,BLOCKED_PENDING_FORMAL_CONTRACT,传输已验证业务主体，不因服务身份获得额外权限,DB6-DEC-041
DB6-TABLE-041,WalletAccount,MIGRATION_OWNER,BLOCKED,direct-tenant,BLOCKED_PENDING_FORMAL_CONTRACT,BLOCKED_PENDING_FORMAL_CONTRACT,BLOCKED_PENDING_FORMAL_CONTRACT,BLOCKED_PENDING_FORMAL_CONTRACT,仅迁移/初始化职责，不用于业务/RLS验收,DB6-DEC-041
DB6-TABLE-042,WalletOperation,USER,BLOCKED,direct-tenant,BLOCKED_PENDING_FORMAL_CONTRACT,BLOCKED_PENDING_FORMAL_CONTRACT,BLOCKED_PENDING_FORMAL_CONTRACT,BLOCKED_PENDING_FORMAL_CONTRACT,本人对象，必须有服务端主体归属链,DB6-DEC-042
DB6-TABLE-042,WalletOperation,TENANT_ADMIN,BLOCKED,direct-tenant,BLOCKED_PENDING_FORMAL_CONTRACT,BLOCKED_PENDING_FORMAL_CONTRACT,BLOCKED_PENDING_FORMAL_CONTRACT,BLOCKED_PENDING_FORMAL_CONTRACT,本租户业务对象，非本租户拒绝,DB6-DEC-042
DB6-TABLE-042,WalletOperation,PLATFORM_ADMIN,BLOCKED,direct-tenant,BLOCKED_PENDING_FORMAL_CONTRACT,BLOCKED_PENDING_FORMAL_CONTRACT,BLOCKED_PENDING_FORMAL_CONTRACT,BLOCKED_PENDING_FORMAL_CONTRACT,默认不授予跨租户，例外须逐项审批,DB6-DEC-042
DB6-TABLE-042,WalletOperation,BACKGROUND_TASK,BLOCKED,direct-tenant,BLOCKED_PENDING_FORMAL_CONTRACT,BLOCKED_PENDING_FORMAL_CONTRACT,BLOCKED_PENDING_FORMAL_CONTRACT,BLOCKED_PENDING_FORMAL_CONTRACT,独立用途及租户批次，禁止通用任务全表授权,DB6-DEC-042
DB6-TABLE-042,WalletOperation,BACKEND_RUNTIME,BLOCKED,direct-tenant,BLOCKED_PENDING_FORMAL_CONTRACT,BLOCKED_PENDING_FORMAL_CONTRACT,BLOCKED_PENDING_FORMAL_CONTRACT,BLOCKED_PENDING_FORMAL_CONTRACT,传输已验证业务主体，不因服务身份获得额外权限,DB6-DEC-042
DB6-TABLE-042,WalletOperation,MIGRATION_OWNER,BLOCKED,direct-tenant,BLOCKED_PENDING_FORMAL_CONTRACT,BLOCKED_PENDING_FORMAL_CONTRACT,BLOCKED_PENDING_FORMAL_CONTRACT,BLOCKED_PENDING_FORMAL_CONTRACT,仅迁移/初始化职责，不用于业务/RLS验收,DB6-DEC-042
DB6-TABLE-043,WalletTransaction,USER,BLOCKED,direct-tenant,BLOCKED_PENDING_FORMAL_CONTRACT,BLOCKED_PENDING_FORMAL_CONTRACT,BLOCKED_PENDING_FORMAL_CONTRACT,BLOCKED_PENDING_FORMAL_CONTRACT,本人对象，必须有服务端主体归属链,DB6-DEC-043
DB6-TABLE-043,WalletTransaction,TENANT_ADMIN,BLOCKED,direct-tenant,BLOCKED_PENDING_FORMAL_CONTRACT,BLOCKED_PENDING_FORMAL_CONTRACT,BLOCKED_PENDING_FORMAL_CONTRACT,BLOCKED_PENDING_FORMAL_CONTRACT,本租户业务对象，非本租户拒绝,DB6-DEC-043
DB6-TABLE-043,WalletTransaction,PLATFORM_ADMIN,BLOCKED,direct-tenant,BLOCKED_PENDING_FORMAL_CONTRACT,BLOCKED_PENDING_FORMAL_CONTRACT,BLOCKED_PENDING_FORMAL_CONTRACT,BLOCKED_PENDING_FORMAL_CONTRACT,默认不授予跨租户，例外须逐项审批,DB6-DEC-043
DB6-TABLE-043,WalletTransaction,BACKGROUND_TASK,BLOCKED,direct-tenant,BLOCKED_PENDING_FORMAL_CONTRACT,BLOCKED_PENDING_FORMAL_CONTRACT,BLOCKED_PENDING_FORMAL_CONTRACT,BLOCKED_PENDING_FORMAL_CONTRACT,独立用途及租户批次，禁止通用任务全表授权,DB6-DEC-043
DB6-TABLE-043,WalletTransaction,BACKEND_RUNTIME,BLOCKED,direct-tenant,BLOCKED_PENDING_FORMAL_CONTRACT,BLOCKED_PENDING_FORMAL_CONTRACT,BLOCKED_PENDING_FORMAL_CONTRACT,BLOCKED_PENDING_FORMAL_CONTRACT,传输已验证业务主体，不因服务身份获得额外权限,DB6-DEC-043
DB6-TABLE-043,WalletTransaction,MIGRATION_OWNER,BLOCKED,direct-tenant,BLOCKED_PENDING_FORMAL_CONTRACT,BLOCKED_PENDING_FORMAL_CONTRACT,BLOCKED_PENDING_FORMAL_CONTRACT,BLOCKED_PENDING_FORMAL_CONTRACT,仅迁移/初始化职责，不用于业务/RLS验收,DB6-DEC-043
DB6-TABLE-044,WebhookEvent,USER,BLOCKED,direct-tenant,BLOCKED_PENDING_FORMAL_CONTRACT,BLOCKED_PENDING_FORMAL_CONTRACT,BLOCKED_PENDING_FORMAL_CONTRACT,BLOCKED_PENDING_FORMAL_CONTRACT,本人对象，必须有服务端主体归属链,DB6-DEC-044
DB6-TABLE-044,WebhookEvent,TENANT_ADMIN,BLOCKED,direct-tenant,BLOCKED_PENDING_FORMAL_CONTRACT,BLOCKED_PENDING_FORMAL_CONTRACT,BLOCKED_PENDING_FORMAL_CONTRACT,BLOCKED_PENDING_FORMAL_CONTRACT,本租户业务对象，非本租户拒绝,DB6-DEC-044
DB6-TABLE-044,WebhookEvent,PLATFORM_ADMIN,BLOCKED,direct-tenant,BLOCKED_PENDING_FORMAL_CONTRACT,BLOCKED_PENDING_FORMAL_CONTRACT,BLOCKED_PENDING_FORMAL_CONTRACT,BLOCKED_PENDING_FORMAL_CONTRACT,默认不授予跨租户，例外须逐项审批,DB6-DEC-044
DB6-TABLE-044,WebhookEvent,BACKGROUND_TASK,BLOCKED,direct-tenant,BLOCKED_PENDING_FORMAL_CONTRACT,BLOCKED_PENDING_FORMAL_CONTRACT,BLOCKED_PENDING_FORMAL_CONTRACT,BLOCKED_PENDING_FORMAL_CONTRACT,独立用途及租户批次，禁止通用任务全表授权,DB6-DEC-044
DB6-TABLE-044,WebhookEvent,BACKEND_RUNTIME,BLOCKED,direct-tenant,BLOCKED_PENDING_FORMAL_CONTRACT,BLOCKED_PENDING_FORMAL_CONTRACT,BLOCKED_PENDING_FORMAL_CONTRACT,BLOCKED_PENDING_FORMAL_CONTRACT,传输已验证业务主体，不因服务身份获得额外权限,DB6-DEC-044
DB6-TABLE-044,WebhookEvent,MIGRATION_OWNER,BLOCKED,direct-tenant,BLOCKED_PENDING_FORMAL_CONTRACT,BLOCKED_PENDING_FORMAL_CONTRACT,BLOCKED_PENDING_FORMAL_CONTRACT,BLOCKED_PENDING_FORMAL_CONTRACT,仅迁移/初始化职责，不用于业务/RLS验收,DB6-DEC-044
DB6-TABLE-045,WithdrawalAddress,USER,BLOCKED,direct-tenant,BLOCKED_PENDING_FORMAL_CONTRACT,BLOCKED_PENDING_FORMAL_CONTRACT,BLOCKED_PENDING_FORMAL_CONTRACT,BLOCKED_PENDING_FORMAL_CONTRACT,本人对象，必须有服务端主体归属链,DB6-DEC-045
DB6-TABLE-045,WithdrawalAddress,TENANT_ADMIN,BLOCKED,direct-tenant,BLOCKED_PENDING_FORMAL_CONTRACT,BLOCKED_PENDING_FORMAL_CONTRACT,BLOCKED_PENDING_FORMAL_CONTRACT,BLOCKED_PENDING_FORMAL_CONTRACT,本租户业务对象，非本租户拒绝,DB6-DEC-045
DB6-TABLE-045,WithdrawalAddress,PLATFORM_ADMIN,BLOCKED,direct-tenant,BLOCKED_PENDING_FORMAL_CONTRACT,BLOCKED_PENDING_FORMAL_CONTRACT,BLOCKED_PENDING_FORMAL_CONTRACT,BLOCKED_PENDING_FORMAL_CONTRACT,默认不授予跨租户，例外须逐项审批,DB6-DEC-045
DB6-TABLE-045,WithdrawalAddress,BACKGROUND_TASK,BLOCKED,direct-tenant,BLOCKED_PENDING_FORMAL_CONTRACT,BLOCKED_PENDING_FORMAL_CONTRACT,BLOCKED_PENDING_FORMAL_CONTRACT,BLOCKED_PENDING_FORMAL_CONTRACT,独立用途及租户批次，禁止通用任务全表授权,DB6-DEC-045
DB6-TABLE-045,WithdrawalAddress,BACKEND_RUNTIME,BLOCKED,direct-tenant,BLOCKED_PENDING_FORMAL_CONTRACT,BLOCKED_PENDING_FORMAL_CONTRACT,BLOCKED_PENDING_FORMAL_CONTRACT,BLOCKED_PENDING_FORMAL_CONTRACT,传输已验证业务主体，不因服务身份获得额外权限,DB6-DEC-045
DB6-TABLE-045,WithdrawalAddress,MIGRATION_OWNER,BLOCKED,direct-tenant,BLOCKED_PENDING_FORMAL_CONTRACT,BLOCKED_PENDING_FORMAL_CONTRACT,BLOCKED_PENDING_FORMAL_CONTRACT,BLOCKED_PENDING_FORMAL_CONTRACT,仅迁移/初始化职责，不用于业务/RLS验收,DB6-DEC-045
DB6-TABLE-046,tenant_third_party_config,USER,BLOCKED,direct-tenant,BLOCKED_PENDING_FORMAL_CONTRACT,BLOCKED_PENDING_FORMAL_CONTRACT,BLOCKED_PENDING_FORMAL_CONTRACT,BLOCKED_PENDING_FORMAL_CONTRACT,本人对象，必须有服务端主体归属链,DB6-DEC-046
DB6-TABLE-046,tenant_third_party_config,TENANT_ADMIN,BLOCKED,direct-tenant,BLOCKED_PENDING_FORMAL_CONTRACT,BLOCKED_PENDING_FORMAL_CONTRACT,BLOCKED_PENDING_FORMAL_CONTRACT,BLOCKED_PENDING_FORMAL_CONTRACT,本租户业务对象，非本租户拒绝,DB6-DEC-046
DB6-TABLE-046,tenant_third_party_config,PLATFORM_ADMIN,BLOCKED,direct-tenant,BLOCKED_PENDING_FORMAL_CONTRACT,BLOCKED_PENDING_FORMAL_CONTRACT,BLOCKED_PENDING_FORMAL_CONTRACT,BLOCKED_PENDING_FORMAL_CONTRACT,默认不授予跨租户，例外须逐项审批,DB6-DEC-046
DB6-TABLE-046,tenant_third_party_config,BACKGROUND_TASK,BLOCKED,direct-tenant,BLOCKED_PENDING_FORMAL_CONTRACT,BLOCKED_PENDING_FORMAL_CONTRACT,BLOCKED_PENDING_FORMAL_CONTRACT,BLOCKED_PENDING_FORMAL_CONTRACT,独立用途及租户批次，禁止通用任务全表授权,DB6-DEC-046
DB6-TABLE-046,tenant_third_party_config,BACKEND_RUNTIME,BLOCKED,direct-tenant,BLOCKED_PENDING_FORMAL_CONTRACT,BLOCKED_PENDING_FORMAL_CONTRACT,BLOCKED_PENDING_FORMAL_CONTRACT,BLOCKED_PENDING_FORMAL_CONTRACT,传输已验证业务主体，不因服务身份获得额外权限,DB6-DEC-046
DB6-TABLE-046,tenant_third_party_config,MIGRATION_OWNER,BLOCKED,direct-tenant,BLOCKED_PENDING_FORMAL_CONTRACT,BLOCKED_PENDING_FORMAL_CONTRACT,BLOCKED_PENDING_FORMAL_CONTRACT,BLOCKED_PENDING_FORMAL_CONTRACT,仅迁移/初始化职责，不用于业务/RLS验收,DB6-DEC-046
DB6-TABLE-047,third_party_asset_orders,USER,BLOCKED,direct-tenant,BLOCKED_PENDING_FORMAL_CONTRACT,BLOCKED_PENDING_FORMAL_CONTRACT,BLOCKED_PENDING_FORMAL_CONTRACT,BLOCKED_PENDING_FORMAL_CONTRACT,本人对象，必须有服务端主体归属链,DB6-DEC-047
DB6-TABLE-047,third_party_asset_orders,TENANT_ADMIN,BLOCKED,direct-tenant,BLOCKED_PENDING_FORMAL_CONTRACT,BLOCKED_PENDING_FORMAL_CONTRACT,BLOCKED_PENDING_FORMAL_CONTRACT,BLOCKED_PENDING_FORMAL_CONTRACT,本租户业务对象，非本租户拒绝,DB6-DEC-047
DB6-TABLE-047,third_party_asset_orders,PLATFORM_ADMIN,BLOCKED,direct-tenant,BLOCKED_PENDING_FORMAL_CONTRACT,BLOCKED_PENDING_FORMAL_CONTRACT,BLOCKED_PENDING_FORMAL_CONTRACT,BLOCKED_PENDING_FORMAL_CONTRACT,默认不授予跨租户，例外须逐项审批,DB6-DEC-047
DB6-TABLE-047,third_party_asset_orders,BACKGROUND_TASK,BLOCKED,direct-tenant,BLOCKED_PENDING_FORMAL_CONTRACT,BLOCKED_PENDING_FORMAL_CONTRACT,BLOCKED_PENDING_FORMAL_CONTRACT,BLOCKED_PENDING_FORMAL_CONTRACT,独立用途及租户批次，禁止通用任务全表授权,DB6-DEC-047
DB6-TABLE-047,third_party_asset_orders,BACKEND_RUNTIME,BLOCKED,direct-tenant,BLOCKED_PENDING_FORMAL_CONTRACT,BLOCKED_PENDING_FORMAL_CONTRACT,BLOCKED_PENDING_FORMAL_CONTRACT,BLOCKED_PENDING_FORMAL_CONTRACT,传输已验证业务主体，不因服务身份获得额外权限,DB6-DEC-047
DB6-TABLE-047,third_party_asset_orders,MIGRATION_OWNER,BLOCKED,direct-tenant,BLOCKED_PENDING_FORMAL_CONTRACT,BLOCKED_PENDING_FORMAL_CONTRACT,BLOCKED_PENDING_FORMAL_CONTRACT,BLOCKED_PENDING_FORMAL_CONTRACT,仅迁移/初始化职责，不用于业务/RLS验收,DB6-DEC-047
DB6-TABLE-048,third_party_callback_events,USER,BLOCKED,direct-tenant,BLOCKED_PENDING_FORMAL_CONTRACT,BLOCKED_PENDING_FORMAL_CONTRACT,BLOCKED_PENDING_FORMAL_CONTRACT,BLOCKED_PENDING_FORMAL_CONTRACT,本人对象，必须有服务端主体归属链,DB6-DEC-048
DB6-TABLE-048,third_party_callback_events,TENANT_ADMIN,BLOCKED,direct-tenant,BLOCKED_PENDING_FORMAL_CONTRACT,BLOCKED_PENDING_FORMAL_CONTRACT,BLOCKED_PENDING_FORMAL_CONTRACT,BLOCKED_PENDING_FORMAL_CONTRACT,本租户业务对象，非本租户拒绝,DB6-DEC-048
DB6-TABLE-048,third_party_callback_events,PLATFORM_ADMIN,BLOCKED,direct-tenant,BLOCKED_PENDING_FORMAL_CONTRACT,BLOCKED_PENDING_FORMAL_CONTRACT,BLOCKED_PENDING_FORMAL_CONTRACT,BLOCKED_PENDING_FORMAL_CONTRACT,默认不授予跨租户，例外须逐项审批,DB6-DEC-048
DB6-TABLE-048,third_party_callback_events,BACKGROUND_TASK,BLOCKED,direct-tenant,BLOCKED_PENDING_FORMAL_CONTRACT,BLOCKED_PENDING_FORMAL_CONTRACT,BLOCKED_PENDING_FORMAL_CONTRACT,BLOCKED_PENDING_FORMAL_CONTRACT,独立用途及租户批次，禁止通用任务全表授权,DB6-DEC-048
DB6-TABLE-048,third_party_callback_events,BACKEND_RUNTIME,BLOCKED,direct-tenant,BLOCKED_PENDING_FORMAL_CONTRACT,BLOCKED_PENDING_FORMAL_CONTRACT,BLOCKED_PENDING_FORMAL_CONTRACT,BLOCKED_PENDING_FORMAL_CONTRACT,传输已验证业务主体，不因服务身份获得额外权限,DB6-DEC-048
DB6-TABLE-048,third_party_callback_events,MIGRATION_OWNER,BLOCKED,direct-tenant,BLOCKED_PENDING_FORMAL_CONTRACT,BLOCKED_PENDING_FORMAL_CONTRACT,BLOCKED_PENDING_FORMAL_CONTRACT,BLOCKED_PENDING_FORMAL_CONTRACT,仅迁移/初始化职责，不用于业务/RLS验收,DB6-DEC-048
DB6-TABLE-049,treasury_accounts,USER,UNKNOWN,platform-or-unresolved,BLOCKED_PENDING_FORMAL_CONTRACT,BLOCKED_PENDING_FORMAL_CONTRACT,BLOCKED_PENDING_FORMAL_CONTRACT,BLOCKED_PENDING_FORMAL_CONTRACT,本人对象，必须有服务端主体归属链,DB6-DEC-049
DB6-TABLE-049,treasury_accounts,TENANT_ADMIN,UNKNOWN,platform-or-unresolved,BLOCKED_PENDING_FORMAL_CONTRACT,BLOCKED_PENDING_FORMAL_CONTRACT,BLOCKED_PENDING_FORMAL_CONTRACT,BLOCKED_PENDING_FORMAL_CONTRACT,本租户业务对象，非本租户拒绝,DB6-DEC-049
DB6-TABLE-049,treasury_accounts,PLATFORM_ADMIN,UNKNOWN,platform-or-unresolved,BLOCKED_PENDING_FORMAL_CONTRACT,BLOCKED_PENDING_FORMAL_CONTRACT,BLOCKED_PENDING_FORMAL_CONTRACT,BLOCKED_PENDING_FORMAL_CONTRACT,默认不授予跨租户，例外须逐项审批,DB6-DEC-049
DB6-TABLE-049,treasury_accounts,BACKGROUND_TASK,UNKNOWN,platform-or-unresolved,BLOCKED_PENDING_FORMAL_CONTRACT,BLOCKED_PENDING_FORMAL_CONTRACT,BLOCKED_PENDING_FORMAL_CONTRACT,BLOCKED_PENDING_FORMAL_CONTRACT,独立用途及租户批次，禁止通用任务全表授权,DB6-DEC-049
DB6-TABLE-049,treasury_accounts,BACKEND_RUNTIME,UNKNOWN,platform-or-unresolved,BLOCKED_PENDING_FORMAL_CONTRACT,BLOCKED_PENDING_FORMAL_CONTRACT,BLOCKED_PENDING_FORMAL_CONTRACT,BLOCKED_PENDING_FORMAL_CONTRACT,传输已验证业务主体，不因服务身份获得额外权限,DB6-DEC-049
DB6-TABLE-049,treasury_accounts,MIGRATION_OWNER,UNKNOWN,platform-or-unresolved,BLOCKED_PENDING_FORMAL_CONTRACT,BLOCKED_PENDING_FORMAL_CONTRACT,BLOCKED_PENDING_FORMAL_CONTRACT,BLOCKED_PENDING_FORMAL_CONTRACT,仅迁移/初始化职责，不用于业务/RLS验收,DB6-DEC-049
DB6-TABLE-050,treasury_fx_orders,USER,UNKNOWN,platform-or-unresolved,BLOCKED_PENDING_FORMAL_CONTRACT,BLOCKED_PENDING_FORMAL_CONTRACT,BLOCKED_PENDING_FORMAL_CONTRACT,BLOCKED_PENDING_FORMAL_CONTRACT,本人对象，必须有服务端主体归属链,DB6-DEC-050
DB6-TABLE-050,treasury_fx_orders,TENANT_ADMIN,UNKNOWN,platform-or-unresolved,BLOCKED_PENDING_FORMAL_CONTRACT,BLOCKED_PENDING_FORMAL_CONTRACT,BLOCKED_PENDING_FORMAL_CONTRACT,BLOCKED_PENDING_FORMAL_CONTRACT,本租户业务对象，非本租户拒绝,DB6-DEC-050
DB6-TABLE-050,treasury_fx_orders,PLATFORM_ADMIN,UNKNOWN,platform-or-unresolved,BLOCKED_PENDING_FORMAL_CONTRACT,BLOCKED_PENDING_FORMAL_CONTRACT,BLOCKED_PENDING_FORMAL_CONTRACT,BLOCKED_PENDING_FORMAL_CONTRACT,默认不授予跨租户，例外须逐项审批,DB6-DEC-050
DB6-TABLE-050,treasury_fx_orders,BACKGROUND_TASK,UNKNOWN,platform-or-unresolved,BLOCKED_PENDING_FORMAL_CONTRACT,BLOCKED_PENDING_FORMAL_CONTRACT,BLOCKED_PENDING_FORMAL_CONTRACT,BLOCKED_PENDING_FORMAL_CONTRACT,独立用途及租户批次，禁止通用任务全表授权,DB6-DEC-050
DB6-TABLE-050,treasury_fx_orders,BACKEND_RUNTIME,UNKNOWN,platform-or-unresolved,BLOCKED_PENDING_FORMAL_CONTRACT,BLOCKED_PENDING_FORMAL_CONTRACT,BLOCKED_PENDING_FORMAL_CONTRACT,BLOCKED_PENDING_FORMAL_CONTRACT,传输已验证业务主体，不因服务身份获得额外权限,DB6-DEC-050
DB6-TABLE-050,treasury_fx_orders,MIGRATION_OWNER,UNKNOWN,platform-or-unresolved,BLOCKED_PENDING_FORMAL_CONTRACT,BLOCKED_PENDING_FORMAL_CONTRACT,BLOCKED_PENDING_FORMAL_CONTRACT,BLOCKED_PENDING_FORMAL_CONTRACT,仅迁移/初始化职责，不用于业务/RLS验收,DB6-DEC-050
DB6-TABLE-051,treasury_operation_logs,USER,UNKNOWN,platform-or-unresolved,BLOCKED_PENDING_FORMAL_CONTRACT,BLOCKED_PENDING_FORMAL_CONTRACT,BLOCKED_PENDING_FORMAL_CONTRACT,BLOCKED_PENDING_FORMAL_CONTRACT,本人对象，必须有服务端主体归属链,DB6-DEC-051
DB6-TABLE-051,treasury_operation_logs,TENANT_ADMIN,UNKNOWN,platform-or-unresolved,BLOCKED_PENDING_FORMAL_CONTRACT,BLOCKED_PENDING_FORMAL_CONTRACT,BLOCKED_PENDING_FORMAL_CONTRACT,BLOCKED_PENDING_FORMAL_CONTRACT,本租户业务对象，非本租户拒绝,DB6-DEC-051
DB6-TABLE-051,treasury_operation_logs,PLATFORM_ADMIN,UNKNOWN,platform-or-unresolved,BLOCKED_PENDING_FORMAL_CONTRACT,BLOCKED_PENDING_FORMAL_CONTRACT,BLOCKED_PENDING_FORMAL_CONTRACT,BLOCKED_PENDING_FORMAL_CONTRACT,默认不授予跨租户，例外须逐项审批,DB6-DEC-051
DB6-TABLE-051,treasury_operation_logs,BACKGROUND_TASK,UNKNOWN,platform-or-unresolved,BLOCKED_PENDING_FORMAL_CONTRACT,BLOCKED_PENDING_FORMAL_CONTRACT,BLOCKED_PENDING_FORMAL_CONTRACT,BLOCKED_PENDING_FORMAL_CONTRACT,独立用途及租户批次，禁止通用任务全表授权,DB6-DEC-051
DB6-TABLE-051,treasury_operation_logs,BACKEND_RUNTIME,UNKNOWN,platform-or-unresolved,BLOCKED_PENDING_FORMAL_CONTRACT,BLOCKED_PENDING_FORMAL_CONTRACT,BLOCKED_PENDING_FORMAL_CONTRACT,BLOCKED_PENDING_FORMAL_CONTRACT,传输已验证业务主体，不因服务身份获得额外权限,DB6-DEC-051
DB6-TABLE-051,treasury_operation_logs,MIGRATION_OWNER,UNKNOWN,platform-or-unresolved,BLOCKED_PENDING_FORMAL_CONTRACT,BLOCKED_PENDING_FORMAL_CONTRACT,BLOCKED_PENDING_FORMAL_CONTRACT,BLOCKED_PENDING_FORMAL_CONTRACT,仅迁移/初始化职责，不用于业务/RLS验收,DB6-DEC-051
DB6-TABLE-052,treasury_settlements,USER,UNKNOWN,platform-or-unresolved,BLOCKED_PENDING_FORMAL_CONTRACT,BLOCKED_PENDING_FORMAL_CONTRACT,BLOCKED_PENDING_FORMAL_CONTRACT,BLOCKED_PENDING_FORMAL_CONTRACT,本人对象，必须有服务端主体归属链,DB6-DEC-052
DB6-TABLE-052,treasury_settlements,TENANT_ADMIN,UNKNOWN,platform-or-unresolved,BLOCKED_PENDING_FORMAL_CONTRACT,BLOCKED_PENDING_FORMAL_CONTRACT,BLOCKED_PENDING_FORMAL_CONTRACT,BLOCKED_PENDING_FORMAL_CONTRACT,本租户业务对象，非本租户拒绝,DB6-DEC-052
DB6-TABLE-052,treasury_settlements,PLATFORM_ADMIN,UNKNOWN,platform-or-unresolved,BLOCKED_PENDING_FORMAL_CONTRACT,BLOCKED_PENDING_FORMAL_CONTRACT,BLOCKED_PENDING_FORMAL_CONTRACT,BLOCKED_PENDING_FORMAL_CONTRACT,默认不授予跨租户，例外须逐项审批,DB6-DEC-052
DB6-TABLE-052,treasury_settlements,BACKGROUND_TASK,UNKNOWN,platform-or-unresolved,BLOCKED_PENDING_FORMAL_CONTRACT,BLOCKED_PENDING_FORMAL_CONTRACT,BLOCKED_PENDING_FORMAL_CONTRACT,BLOCKED_PENDING_FORMAL_CONTRACT,独立用途及租户批次，禁止通用任务全表授权,DB6-DEC-052
DB6-TABLE-052,treasury_settlements,BACKEND_RUNTIME,UNKNOWN,platform-or-unresolved,BLOCKED_PENDING_FORMAL_CONTRACT,BLOCKED_PENDING_FORMAL_CONTRACT,BLOCKED_PENDING_FORMAL_CONTRACT,BLOCKED_PENDING_FORMAL_CONTRACT,传输已验证业务主体，不因服务身份获得额外权限,DB6-DEC-052
DB6-TABLE-052,treasury_settlements,MIGRATION_OWNER,UNKNOWN,platform-or-unresolved,BLOCKED_PENDING_FORMAL_CONTRACT,BLOCKED_PENDING_FORMAL_CONTRACT,BLOCKED_PENDING_FORMAL_CONTRACT,BLOCKED_PENDING_FORMAL_CONTRACT,仅迁移/初始化职责，不用于业务/RLS验收,DB6-DEC-052
DB6-TABLE-053,ucard_card_base,USER,BLOCKED,direct-tenant,BLOCKED_PENDING_FORMAL_CONTRACT,BLOCKED_PENDING_FORMAL_CONTRACT,BLOCKED_PENDING_FORMAL_CONTRACT,BLOCKED_PENDING_FORMAL_CONTRACT,本人对象，必须有服务端主体归属链,DB6-DEC-053
DB6-TABLE-053,ucard_card_base,TENANT_ADMIN,BLOCKED,direct-tenant,BLOCKED_PENDING_FORMAL_CONTRACT,BLOCKED_PENDING_FORMAL_CONTRACT,BLOCKED_PENDING_FORMAL_CONTRACT,BLOCKED_PENDING_FORMAL_CONTRACT,本租户业务对象，非本租户拒绝,DB6-DEC-053
DB6-TABLE-053,ucard_card_base,PLATFORM_ADMIN,BLOCKED,direct-tenant,BLOCKED_PENDING_FORMAL_CONTRACT,BLOCKED_PENDING_FORMAL_CONTRACT,BLOCKED_PENDING_FORMAL_CONTRACT,BLOCKED_PENDING_FORMAL_CONTRACT,默认不授予跨租户，例外须逐项审批,DB6-DEC-053
DB6-TABLE-053,ucard_card_base,BACKGROUND_TASK,BLOCKED,direct-tenant,BLOCKED_PENDING_FORMAL_CONTRACT,BLOCKED_PENDING_FORMAL_CONTRACT,BLOCKED_PENDING_FORMAL_CONTRACT,BLOCKED_PENDING_FORMAL_CONTRACT,独立用途及租户批次，禁止通用任务全表授权,DB6-DEC-053
DB6-TABLE-053,ucard_card_base,BACKEND_RUNTIME,BLOCKED,direct-tenant,BLOCKED_PENDING_FORMAL_CONTRACT,BLOCKED_PENDING_FORMAL_CONTRACT,BLOCKED_PENDING_FORMAL_CONTRACT,BLOCKED_PENDING_FORMAL_CONTRACT,传输已验证业务主体，不因服务身份获得额外权限,DB6-DEC-053
DB6-TABLE-053,ucard_card_base,MIGRATION_OWNER,BLOCKED,direct-tenant,BLOCKED_PENDING_FORMAL_CONTRACT,BLOCKED_PENDING_FORMAL_CONTRACT,BLOCKED_PENDING_FORMAL_CONTRACT,BLOCKED_PENDING_FORMAL_CONTRACT,仅迁移/初始化职责，不用于业务/RLS验收,DB6-DEC-053
DB6-TABLE-054,ucard_transactions,USER,BLOCKED,direct-tenant,BLOCKED_PENDING_FORMAL_CONTRACT,BLOCKED_PENDING_FORMAL_CONTRACT,BLOCKED_PENDING_FORMAL_CONTRACT,BLOCKED_PENDING_FORMAL_CONTRACT,本人对象，必须有服务端主体归属链,DB6-DEC-054
DB6-TABLE-054,ucard_transactions,TENANT_ADMIN,BLOCKED,direct-tenant,BLOCKED_PENDING_FORMAL_CONTRACT,BLOCKED_PENDING_FORMAL_CONTRACT,BLOCKED_PENDING_FORMAL_CONTRACT,BLOCKED_PENDING_FORMAL_CONTRACT,本租户业务对象，非本租户拒绝,DB6-DEC-054
DB6-TABLE-054,ucard_transactions,PLATFORM_ADMIN,BLOCKED,direct-tenant,BLOCKED_PENDING_FORMAL_CONTRACT,BLOCKED_PENDING_FORMAL_CONTRACT,BLOCKED_PENDING_FORMAL_CONTRACT,BLOCKED_PENDING_FORMAL_CONTRACT,默认不授予跨租户，例外须逐项审批,DB6-DEC-054
DB6-TABLE-054,ucard_transactions,BACKGROUND_TASK,BLOCKED,direct-tenant,BLOCKED_PENDING_FORMAL_CONTRACT,BLOCKED_PENDING_FORMAL_CONTRACT,BLOCKED_PENDING_FORMAL_CONTRACT,BLOCKED_PENDING_FORMAL_CONTRACT,独立用途及租户批次，禁止通用任务全表授权,DB6-DEC-054
DB6-TABLE-054,ucard_transactions,BACKEND_RUNTIME,BLOCKED,direct-tenant,BLOCKED_PENDING_FORMAL_CONTRACT,BLOCKED_PENDING_FORMAL_CONTRACT,BLOCKED_PENDING_FORMAL_CONTRACT,BLOCKED_PENDING_FORMAL_CONTRACT,传输已验证业务主体，不因服务身份获得额外权限,DB6-DEC-054
DB6-TABLE-054,ucard_transactions,MIGRATION_OWNER,BLOCKED,direct-tenant,BLOCKED_PENDING_FORMAL_CONTRACT,BLOCKED_PENDING_FORMAL_CONTRACT,BLOCKED_PENDING_FORMAL_CONTRACT,BLOCKED_PENDING_FORMAL_CONTRACT,仅迁移/初始化职责，不用于业务/RLS验收,DB6-DEC-054
