table,category,tenant_column,indirect_path,subject_columns,model,ownership_status,runtime_grant,operation_status,reason
AdminSession,indirect-tenant,,TenantUser via tenantUserId,,AdminSession,PENDING,NONE_PROPOSED_AT_CHECKPOINT,BLOCKED_PENDING_EXPLICIT_PER_TABLE_CONTRACT,Authentication/configuration/permission object: default deny until precise operation boundary approved.
ApiClient,direct-tenant,tenantId,,,ApiClient,PENDING,NONE_PROPOSED_AT_CHECKPOINT,BLOCKED_PENDING_EXPLICIT_PER_TABLE_CONTRACT,Authentication/configuration/permission object: default deny until precise operation boundary approved.
ApiKey,indirect-tenant,,ApiClient via apiClientId,,ApiKey,PENDING,NONE_PROPOSED_AT_CHECKPOINT,BLOCKED_PENDING_EXPLICIT_PER_TABLE_CONTRACT,Authentication/configuration/permission object: default deny until precise operation boundary approved.
AuditLog,direct-tenant,tenantId,,,AuditLog,PENDING,NONE_PROPOSED_AT_CHECKPOINT,BLOCKED_PENDING_EXPLICIT_PER_TABLE_CONTRACT,Scope identified; per-role CRUD and sensitive-column authorization not inferred.
Card,direct-tenant,tenantId,,customerId,Card,PENDING,NONE_PROPOSED_AT_CHECKPOINT,BLOCKED_PENDING_EXPLICIT_PER_TABLE_CONTRACT,Scope identified; per-role CRUD and sensitive-column authorization not inferred.
CardBalance,indirect-tenant,,Card via cardId,,CardBalance,PENDING,NONE_PROPOSED_AT_CHECKPOINT,BLOCKED_PENDING_EXPLICIT_PER_TABLE_CONTRACT,Scope identified; per-role CRUD and sensitive-column authorization not inferred.
CardEvent,direct-tenant,tenantId,,,CardEvent,PENDING,NONE_PROPOSED_AT_CHECKPOINT,BLOCKED_PENDING_EXPLICIT_PER_TABLE_CONTRACT,Scope identified; per-role CRUD and sensitive-column authorization not inferred.
CardHolder,direct-tenant,tenantId,,,CardHolder,PENDING,NONE_PROPOSED_AT_CHECKPOINT,BLOCKED_PENDING_EXPLICIT_PER_TABLE_CONTRACT,Scope identified; per-role CRUD and sensitive-column authorization not inferred.
CardLifecycleEvent,direct-tenant,tenantId,,,CardLifecycleEvent,PENDING,NONE_PROPOSED_AT_CHECKPOINT,BLOCKED_PENDING_EXPLICIT_PER_TABLE_CONTRACT,Scope identified; per-role CRUD and sensitive-column authorization not inferred.
CardLimit,indirect-tenant,,Card via cardId,,CardLimit,PENDING,NONE_PROPOSED_AT_CHECKPOINT,BLOCKED_PENDING_EXPLICIT_PER_TABLE_CONTRACT,Scope identified; per-role CRUD and sensitive-column authorization not inferred.
CardRenewal,direct-tenant,tenantId,,,CardRenewal,PENDING,NONE_PROPOSED_AT_CHECKPOINT,BLOCKED_PENDING_EXPLICIT_PER_TABLE_CONTRACT,Scope identified; per-role CRUD and sensitive-column authorization not inferred.
CardReplacement,direct-tenant,tenantId,,,CardReplacement,PENDING,NONE_PROPOSED_AT_CHECKPOINT,BLOCKED_PENDING_EXPLICIT_PER_TABLE_CONTRACT,Scope identified; per-role CRUD and sensitive-column authorization not inferred.
CardRestriction,direct-tenant,tenantId,,,CardRestriction,PENDING,NONE_PROPOSED_AT_CHECKPOINT,BLOCKED_PENDING_EXPLICIT_PER_TABLE_CONTRACT,Scope identified; per-role CRUD and sensitive-column authorization not inferred.
CardSecurityProfile,indirect-tenant,,Card via cardId,,CardSecurityProfile,PENDING,NONE_PROPOSED_AT_CHECKPOINT,BLOCKED_PENDING_EXPLICIT_PER_TABLE_CONTRACT,Scope identified; per-role CRUD and sensitive-column authorization not inferred.
CardTransaction,direct-tenant,tenantId,,,CardTransaction,PENDING,NONE_PROPOSED_AT_CHECKPOINT,BLOCKED_PENDING_EXPLICIT_PER_TABLE_CONTRACT,Scope identified; per-role CRUD and sensitive-column authorization not inferred.
Customer,direct-tenant,tenantId,,externalUserId,Customer,PENDING,NONE_PROPOSED_AT_CHECKPOINT,BLOCKED_PENDING_EXPLICIT_PER_TABLE_CONTRACT,Scope identified; per-role CRUD and sensitive-column authorization not inferred.
EndUserRefreshToken,indirect-tenant,,EndUserSession via sessionId,,EndUserRefreshToken,PENDING,NONE_PROPOSED_AT_CHECKPOINT,BLOCKED_PENDING_EXPLICIT_PER_TABLE_CONTRACT,Authentication/configuration/permission object: default deny until precise operation boundary approved.
EndUserSession,direct-tenant,tenantId,,userId,EndUserSession,PENDING,NONE_PROPOSED_AT_CHECKPOINT,BLOCKED_PENDING_EXPLICIT_PER_TABLE_CONTRACT,Authentication/configuration/permission object: default deny until precise operation boundary approved.
EvidenceArtifact,direct-tenant,tenantId,,,EvidenceArtifact,PENDING,NONE_PROPOSED_AT_CHECKPOINT,BLOCKED_PENDING_EXPLICIT_PER_TABLE_CONTRACT,Scope identified; per-role CRUD and sensitive-column authorization not inferred.
FxConversion,direct-tenant,tenantId,,,FxConversion,PENDING,NONE_PROPOSED_AT_CHECKPOINT,BLOCKED_PENDING_EXPLICIT_PER_TABLE_CONTRACT,Scope identified; per-role CRUD and sensitive-column authorization not inferred.
FxOrder,direct-tenant,tenantId,,,FxOrder,PENDING,NONE_PROPOSED_AT_CHECKPOINT,BLOCKED_PENDING_EXPLICIT_PER_TABLE_CONTRACT,Scope identified; per-role CRUD and sensitive-column authorization not inferred.
FxRate,direct-tenant,tenantId,,,FxRate,PENDING,NONE_PROPOSED_AT_CHECKPOINT,BLOCKED_PENDING_EXPLICIT_PER_TABLE_CONTRACT,Scope identified; per-role CRUD and sensitive-column authorization not inferred.
Journal,direct-tenant,tenantId,,,Journal,PENDING,NONE_PROPOSED_AT_CHECKPOINT,BLOCKED_PENDING_EXPLICIT_PER_TABLE_CONTRACT,Scope identified; per-role CRUD and sensitive-column authorization not inferred.
JournalEntry,direct-tenant,tenantId,,,JournalEntry,PENDING,NONE_PROPOSED_AT_CHECKPOINT,BLOCKED_PENDING_EXPLICIT_PER_TABLE_CONTRACT,Scope identified; per-role CRUD and sensitive-column authorization not inferred.
Merchant,direct-tenant,tenantId,,,Merchant,PENDING,NONE_PROPOSED_AT_CHECKPOINT,BLOCKED_PENDING_EXPLICIT_PER_TABLE_CONTRACT,Scope identified; per-role CRUD and sensitive-column authorization not inferred.
MerchantPayment,direct-tenant,tenantId,,,MerchantPayment,PENDING,NONE_PROPOSED_AT_CHECKPOINT,BLOCKED_PENDING_EXPLICIT_PER_TABLE_CONTRACT,Scope identified; per-role CRUD and sensitive-column authorization not inferred.
MerchantQrCode,direct-tenant,tenantId,,,MerchantQrCode,PENDING,NONE_PROPOSED_AT_CHECKPOINT,BLOCKED_PENDING_EXPLICIT_PER_TABLE_CONTRACT,Scope identified; per-role CRUD and sensitive-column authorization not inferred.
Permission,platform-or-unresolved,,,,Permission,BLOCKED,NONE_PROPOSED_AT_CHECKPOINT,BLOCKED_PENDING_EXPLICIT_PER_TABLE_CONTRACT,Authentication/configuration/permission object: default deny until precise operation boundary approved.
ProviderOperation,direct-tenant,tenantId,,customerId,ProviderOperation,PENDING,NONE_PROPOSED_AT_CHECKPOINT,BLOCKED_PENDING_EXPLICIT_PER_TABLE_CONTRACT,Scope identified; per-role CRUD and sensitive-column authorization not inferred.
Role,platform-or-unresolved,,,,Role,BLOCKED,NONE_PROPOSED_AT_CHECKPOINT,BLOCKED_PENDING_EXPLICIT_PER_TABLE_CONTRACT,Authentication/configuration/permission object: default deny until precise operation boundary approved.
RolePermission,platform-or-unresolved,,,,RolePermission,BLOCKED,NONE_PROPOSED_AT_CHECKPOINT,BLOCKED_PENDING_EXPLICIT_PER_TABLE_CONTRACT,Authentication/configuration/permission object: default deny until precise operation boundary approved.
SettlementBatch,direct-tenant,tenantId,,,SettlementBatch,PENDING,NONE_PROPOSED_AT_CHECKPOINT,BLOCKED_PENDING_EXPLICIT_PER_TABLE_CONTRACT,Scope identified; per-role CRUD and sensitive-column authorization not inferred.
SettlementItem,indirect-tenant,,SettlementBatch via settlementBatchId,,SettlementItem,PENDING,NONE_PROPOSED_AT_CHECKPOINT,BLOCKED_PENDING_EXPLICIT_PER_TABLE_CONTRACT,Scope identified; per-role CRUD and sensitive-column authorization not inferred.
SimulationRecord,direct-tenant,tenantId,,,SimulationRecord,PENDING,NONE_PROPOSED_AT_CHECKPOINT,BLOCKED_PENDING_EXPLICIT_PER_TABLE_CONTRACT,Scope identified; per-role CRUD and sensitive-column authorization not inferred.
SimulationScenario,direct-tenant,tenantId,,,SimulationScenario,PENDING,NONE_PROPOSED_AT_CHECKPOINT,BLOCKED_PENDING_EXPLICIT_PER_TABLE_CONTRACT,Scope identified; per-role CRUD and sensitive-column authorization not inferred.
Tenant,tenant-root,,,,Tenant,PENDING,NONE_PROPOSED_AT_CHECKPOINT,BLOCKED_PENDING_EXPLICIT_PER_TABLE_CONTRACT,Scope identified; per-role CRUD and sensitive-column authorization not inferred.
TenantCardProviderConfig,direct-tenant,tenantId,,,TenantCardProviderConfig,PENDING,NONE_PROPOSED_AT_CHECKPOINT,BLOCKED_PENDING_EXPLICIT_PER_TABLE_CONTRACT,Authentication/configuration/permission object: default deny until precise operation boundary approved.
TenantUser,direct-tenant,tenantId,,,TenantUser,PENDING,NONE_PROPOSED_AT_CHECKPOINT,BLOCKED_PENDING_EXPLICIT_PER_TABLE_CONTRACT,Authentication/configuration/permission object: default deny until precise operation boundary approved.
TenantUserRole,indirect-tenant,,TenantUser via tenantUserId,,TenantUserRole,PENDING,NONE_PROPOSED_AT_CHECKPOINT,BLOCKED_PENDING_EXPLICIT_PER_TABLE_CONTRACT,Authentication/configuration/permission object: default deny until precise operation boundary approved.
TreasuryPosition,direct-tenant,tenantId,,,TreasuryPosition,PENDING,NONE_PROPOSED_AT_CHECKPOINT,BLOCKED_PENDING_EXPLICIT_PER_TABLE_CONTRACT,Scope identified; per-role CRUD and sensitive-column authorization not inferred.
WalletAccount,direct-tenant,tenantId,,customerId,WalletAccount,PENDING,NONE_PROPOSED_AT_CHECKPOINT,BLOCKED_PENDING_EXPLICIT_PER_TABLE_CONTRACT,Scope identified; per-role CRUD and sensitive-column authorization not inferred.
WalletOperation,direct-tenant,tenantId,,,WalletOperation,PENDING,NONE_PROPOSED_AT_CHECKPOINT,BLOCKED_PENDING_EXPLICIT_PER_TABLE_CONTRACT,Scope identified; per-role CRUD and sensitive-column authorization not inferred.
WalletTransaction,direct-tenant,tenantId,,,WalletTransaction,PENDING,NONE_PROPOSED_AT_CHECKPOINT,BLOCKED_PENDING_EXPLICIT_PER_TABLE_CONTRACT,Scope identified; per-role CRUD and sensitive-column authorization not inferred.
WebhookEvent,direct-tenant,tenantId,,,WebhookEvent,PENDING,NONE_PROPOSED_AT_CHECKPOINT,BLOCKED_PENDING_EXPLICIT_PER_TABLE_CONTRACT,Scope identified; per-role CRUD and sensitive-column authorization not inferred.
WithdrawalAddress,direct-tenant,tenantId,,customerId,WithdrawalAddress,PENDING,NONE_PROPOSED_AT_CHECKPOINT,BLOCKED_PENDING_EXPLICIT_PER_TABLE_CONTRACT,Scope identified; per-role CRUD and sensitive-column authorization not inferred.
tenant_third_party_config,direct-tenant,tenant_id,,,TenantThirdPartyConfig,PENDING,NONE_PROPOSED_AT_CHECKPOINT,BLOCKED_PENDING_EXPLICIT_PER_TABLE_CONTRACT,Authentication/configuration/permission object: default deny until precise operation boundary approved.
third_party_asset_orders,direct-tenant,tenant_id,,user_id,ThirdPartyAssetOrder,PENDING,NONE_PROPOSED_AT_CHECKPOINT,BLOCKED_PENDING_EXPLICIT_PER_TABLE_CONTRACT,Scope identified; per-role CRUD and sensitive-column authorization not inferred.
third_party_callback_events,direct-tenant,tenant_id,,,ThirdPartyCallbackEvent,PENDING,NONE_PROPOSED_AT_CHECKPOINT,BLOCKED_PENDING_EXPLICIT_PER_TABLE_CONTRACT,Scope identified; per-role CRUD and sensitive-column authorization not inferred.
treasury_accounts,platform-or-unresolved,,,,,BLOCKED,NONE_PROPOSED_AT_CHECKPOINT,BLOCKED_PENDING_EXPLICIT_PER_TABLE_CONTRACT,Legacy migration-only object: ownership and allowed operations BLOCKED pending explicit contract.
treasury_fx_orders,platform-or-unresolved,,,,,BLOCKED,NONE_PROPOSED_AT_CHECKPOINT,BLOCKED_PENDING_EXPLICIT_PER_TABLE_CONTRACT,Legacy migration-only object: ownership and allowed operations BLOCKED pending explicit contract.
treasury_operation_logs,platform-or-unresolved,,,,,BLOCKED,NONE_PROPOSED_AT_CHECKPOINT,BLOCKED_PENDING_EXPLICIT_PER_TABLE_CONTRACT,Legacy migration-only object: ownership and allowed operations BLOCKED pending explicit contract.
treasury_settlements,platform-or-unresolved,,,,,BLOCKED,NONE_PROPOSED_AT_CHECKPOINT,BLOCKED_PENDING_EXPLICIT_PER_TABLE_CONTRACT,Legacy migration-only object: ownership and allowed operations BLOCKED pending explicit contract.
ucard_card_base,direct-tenant,tenant_id,,user_id,UcardCardBase,PENDING,NONE_PROPOSED_AT_CHECKPOINT,BLOCKED_PENDING_EXPLICIT_PER_TABLE_CONTRACT,Scope identified; per-role CRUD and sensitive-column authorization not inferred.
ucard_transactions,direct-tenant,tenant_id,,,UcardTransaction,PENDING,NONE_PROPOSED_AT_CHECKPOINT,BLOCKED_PENDING_EXPLICIT_PER_TABLE_CONTRACT,Scope identified; per-role CRUD and sensitive-column authorization not inferred.
