table,profile,role,decision_status,SELECT,INSERT,UPDATE,DELETE,implementation,validation
AdminSession,P1,USER,OWNER_APPROVED_POLICY,OWN_SESSION_METADATA_SUBJECT_TYPE_MATCH_REQUIRED,DENY,DENY,DENY,BLOCKED_NOT_IMPLEMENTED,NOT_RUN
AdminSession,P1,TENANT_ADMIN,OWNER_APPROVED_POLICY,OWN_SESSION_METADATA_SUBJECT_TYPE_MATCH_REQUIRED,DENY,DENY,DENY,BLOCKED_NOT_IMPLEMENTED,NOT_RUN
AdminSession,P1,PLATFORM_ADMIN,OWNER_APPROVED_POLICY,JIT_REDACTED_READ_ONLY,DENY,DENY,DENY,BLOCKED_NOT_IMPLEMENTED,NOT_RUN
AdminSession,P1,BACKGROUND_TASK,OWNER_APPROVED_POLICY,PURPOSE_MINIMUM_READ_ONLY,DENY,DENY,RETENTION_ONLY_AFTER_SEPARATE_APPROVAL,BLOCKED_NOT_IMPLEMENTED,NOT_RUN
AdminSession,P1,BACKEND_RUNTIME,OWNER_APPROVED_POLICY,CARRIER_OF_AUTHORIZED_PRINCIPAL_ONLY,CARRIER_OF_AUTHORIZED_PRINCIPAL_ONLY,CARRIER_OF_AUTHORIZED_PRINCIPAL_ONLY,CARRIER_OF_AUTHORIZED_PRINCIPAL_ONLY,BLOCKED_NOT_IMPLEMENTED,NOT_RUN
AdminSession,P1,MIGRATION_OWNER,OWNER_APPROVED_POLICY,DENY,DENY,DENY,DENY,BLOCKED_NOT_IMPLEMENTED,NOT_RUN
ApiClient,P2,USER,OWNER_APPROVED_POLICY,DENY,DENY,DENY,DENY,BLOCKED_NOT_IMPLEMENTED,NOT_RUN
ApiClient,P2,TENANT_ADMIN,OWNER_APPROVED_POLICY,TENANT_REDACTED_PROJECTION,APPROVED_TENANT_MANAGEMENT_COMMAND_ONLY,ONLY_EXPLICIT_FIELD_WHITELIST,DENY,BLOCKED_NOT_IMPLEMENTED,NOT_RUN
ApiClient,P2,PLATFORM_ADMIN,OWNER_APPROVED_POLICY,JIT_REDACTED_READ_ONLY,DENY,DENY,DENY,BLOCKED_NOT_IMPLEMENTED,NOT_RUN
ApiClient,P2,BACKGROUND_TASK,OWNER_APPROVED_POLICY,PURPOSE_MINIMUM_READ_ONLY,DENY,DENY,DENY,BLOCKED_NOT_IMPLEMENTED,NOT_RUN
ApiClient,P2,BACKEND_RUNTIME,OWNER_APPROVED_POLICY,CARRIER_OF_AUTHORIZED_PRINCIPAL_ONLY,CARRIER_OF_AUTHORIZED_PRINCIPAL_ONLY,CARRIER_OF_AUTHORIZED_PRINCIPAL_ONLY,CARRIER_OF_AUTHORIZED_PRINCIPAL_ONLY,BLOCKED_NOT_IMPLEMENTED,NOT_RUN
ApiClient,P2,MIGRATION_OWNER,OWNER_APPROVED_POLICY,DENY,DENY,DENY,DENY,BLOCKED_NOT_IMPLEMENTED,NOT_RUN
ApiKey,P1,USER,OWNER_APPROVED_POLICY,DENY,DENY,DENY,DENY,BLOCKED_NOT_IMPLEMENTED,NOT_RUN
ApiKey,P1,TENANT_ADMIN,OWNER_APPROVED_POLICY,OWN_TENANT_API_CLIENT_KEY_METADATA,DENY,DENY,DENY,BLOCKED_NOT_IMPLEMENTED,NOT_RUN
ApiKey,P1,PLATFORM_ADMIN,OWNER_APPROVED_POLICY,JIT_REDACTED_READ_ONLY,DENY,DENY,DENY,BLOCKED_NOT_IMPLEMENTED,NOT_RUN
ApiKey,P1,BACKGROUND_TASK,OWNER_APPROVED_POLICY,PURPOSE_MINIMUM_READ_ONLY,DENY,DENY,RETENTION_ONLY_AFTER_SEPARATE_APPROVAL,BLOCKED_NOT_IMPLEMENTED,NOT_RUN
ApiKey,P1,BACKEND_RUNTIME,OWNER_APPROVED_POLICY,CARRIER_OF_AUTHORIZED_PRINCIPAL_ONLY,CARRIER_OF_AUTHORIZED_PRINCIPAL_ONLY,CARRIER_OF_AUTHORIZED_PRINCIPAL_ONLY,CARRIER_OF_AUTHORIZED_PRINCIPAL_ONLY,BLOCKED_NOT_IMPLEMENTED,NOT_RUN
ApiKey,P1,MIGRATION_OWNER,OWNER_APPROVED_POLICY,DENY,DENY,DENY,DENY,BLOCKED_NOT_IMPLEMENTED,NOT_RUN
AuditLog,P3,USER,OWNER_APPROVED_POLICY,DENY,DENY,DENY,DENY,BLOCKED_NOT_IMPLEMENTED,NOT_RUN
AuditLog,P3,TENANT_ADMIN,OWNER_APPROVED_POLICY,TENANT_REDACTED_PROJECTION,DENY,DENY,DENY,BLOCKED_NOT_IMPLEMENTED,NOT_RUN
AuditLog,P3,PLATFORM_ADMIN,OWNER_APPROVED_POLICY,JIT_REDACTED_READ_ONLY,DENY,DENY,DENY,BLOCKED_NOT_IMPLEMENTED,NOT_RUN
AuditLog,P3,BACKGROUND_TASK,OWNER_APPROVED_POLICY,PURPOSE_MINIMUM_READ_ONLY,PURPOSE_COMMAND_ONLY,DENY_APPEND_ONLY_OR_CONFLICT_PENDING,DENY,BLOCKED_NOT_IMPLEMENTED,NOT_RUN
AuditLog,P3,BACKEND_RUNTIME,OWNER_APPROVED_POLICY,CARRIER_OF_AUTHORIZED_PRINCIPAL_ONLY,CARRIER_OF_AUTHORIZED_PRINCIPAL_ONLY,CARRIER_OF_AUTHORIZED_PRINCIPAL_ONLY,CARRIER_OF_AUTHORIZED_PRINCIPAL_ONLY,BLOCKED_NOT_IMPLEMENTED,NOT_RUN
AuditLog,P3,MIGRATION_OWNER,OWNER_APPROVED_POLICY,DENY,DENY,DENY,DENY,BLOCKED_NOT_IMPLEMENTED,NOT_RUN
Card,P5,USER,OWNER_APPROVED_POLICY,OWN_SAFE_PROJECTION,DENY,ONLY_EXPLICIT_FIELD_WHITELIST,DENY,BLOCKED_NOT_IMPLEMENTED,NOT_RUN
Card,P5,TENANT_ADMIN,OWNER_APPROVED_POLICY,TENANT_REDACTED_PROJECTION,DENY,DENY,DENY,BLOCKED_NOT_IMPLEMENTED,NOT_RUN
Card,P5,PLATFORM_ADMIN,OWNER_APPROVED_POLICY,JIT_REDACTED_READ_ONLY,DENY,DENY,DENY,BLOCKED_NOT_IMPLEMENTED,NOT_RUN
Card,P5,BACKGROUND_TASK,OWNER_APPROVED_POLICY,PURPOSE_MINIMUM_READ_ONLY,PURPOSE_COMMAND_ONLY,APPROVED_STATE_COMMAND_ONLY_NO_ARBITRARY_DML,DENY,BLOCKED_NOT_IMPLEMENTED,NOT_RUN
Card,P5,BACKEND_RUNTIME,OWNER_APPROVED_POLICY,CARRIER_OF_AUTHORIZED_PRINCIPAL_ONLY,CARRIER_OF_AUTHORIZED_PRINCIPAL_ONLY,CARRIER_OF_AUTHORIZED_PRINCIPAL_ONLY,CARRIER_OF_AUTHORIZED_PRINCIPAL_ONLY,BLOCKED_NOT_IMPLEMENTED,NOT_RUN
Card,P5,MIGRATION_OWNER,OWNER_APPROVED_POLICY,DENY,DENY,DENY,DENY,BLOCKED_NOT_IMPLEMENTED,NOT_RUN
CardBalance,P5,USER,OWNER_APPROVED_POLICY,OWN_SAFE_PROJECTION,DENY,DENY,DENY,BLOCKED_NOT_IMPLEMENTED,NOT_RUN
CardBalance,P5,TENANT_ADMIN,OWNER_APPROVED_POLICY,TENANT_REDACTED_PROJECTION,DENY,DENY,DENY,BLOCKED_NOT_IMPLEMENTED,NOT_RUN
CardBalance,P5,PLATFORM_ADMIN,OWNER_APPROVED_POLICY,JIT_REDACTED_READ_ONLY,DENY,DENY,DENY,BLOCKED_NOT_IMPLEMENTED,NOT_RUN
CardBalance,P5,BACKGROUND_TASK,OWNER_APPROVED_POLICY,PURPOSE_MINIMUM_READ_ONLY,PURPOSE_COMMAND_ONLY,APPROVED_STATE_COMMAND_ONLY_NO_ARBITRARY_DML,DENY,BLOCKED_NOT_IMPLEMENTED,NOT_RUN
CardBalance,P5,BACKEND_RUNTIME,OWNER_APPROVED_POLICY,CARRIER_OF_AUTHORIZED_PRINCIPAL_ONLY,CARRIER_OF_AUTHORIZED_PRINCIPAL_ONLY,CARRIER_OF_AUTHORIZED_PRINCIPAL_ONLY,CARRIER_OF_AUTHORIZED_PRINCIPAL_ONLY,BLOCKED_NOT_IMPLEMENTED,NOT_RUN
CardBalance,P5,MIGRATION_OWNER,OWNER_APPROVED_POLICY,DENY,DENY,DENY,DENY,BLOCKED_NOT_IMPLEMENTED,NOT_RUN
CardEvent,P3,USER,OWNER_APPROVED_POLICY,OWN_DOMAIN_EVENT_SAFE_PROJECTION_ONLY,DENY,DENY,DENY,BLOCKED_NOT_IMPLEMENTED,NOT_RUN
CardEvent,P3,TENANT_ADMIN,OWNER_APPROVED_POLICY,TENANT_REDACTED_PROJECTION,DENY,DENY,DENY,BLOCKED_NOT_IMPLEMENTED,NOT_RUN
CardEvent,P3,PLATFORM_ADMIN,OWNER_APPROVED_POLICY,JIT_REDACTED_READ_ONLY,DENY,DENY,DENY,BLOCKED_NOT_IMPLEMENTED,NOT_RUN
CardEvent,P3,BACKGROUND_TASK,OWNER_APPROVED_POLICY,PURPOSE_MINIMUM_READ_ONLY,PURPOSE_COMMAND_ONLY,DENY_APPEND_ONLY_OR_CONFLICT_PENDING,DENY,BLOCKED_NOT_IMPLEMENTED,NOT_RUN
CardEvent,P3,BACKEND_RUNTIME,OWNER_APPROVED_POLICY,CARRIER_OF_AUTHORIZED_PRINCIPAL_ONLY,CARRIER_OF_AUTHORIZED_PRINCIPAL_ONLY,CARRIER_OF_AUTHORIZED_PRINCIPAL_ONLY,CARRIER_OF_AUTHORIZED_PRINCIPAL_ONLY,BLOCKED_NOT_IMPLEMENTED,NOT_RUN
CardEvent,P3,MIGRATION_OWNER,OWNER_APPROVED_POLICY,DENY,DENY,DENY,DENY,BLOCKED_NOT_IMPLEMENTED,NOT_RUN
CardHolder,P5,USER,OWNER_APPROVED_POLICY,OWN_SAFE_PROJECTION,DENY,DENY,DENY,BLOCKED_NOT_IMPLEMENTED,NOT_RUN
CardHolder,P5,TENANT_ADMIN,OWNER_APPROVED_POLICY,TENANT_REDACTED_PROJECTION,DENY,DENY,DENY,BLOCKED_NOT_IMPLEMENTED,NOT_RUN
CardHolder,P5,PLATFORM_ADMIN,OWNER_APPROVED_POLICY,JIT_REDACTED_READ_ONLY,DENY,DENY,DENY,BLOCKED_NOT_IMPLEMENTED,NOT_RUN
CardHolder,P5,BACKGROUND_TASK,OWNER_APPROVED_POLICY,PURPOSE_MINIMUM_READ_ONLY,PURPOSE_COMMAND_ONLY,APPROVED_STATE_COMMAND_ONLY_NO_ARBITRARY_DML,DENY,BLOCKED_NOT_IMPLEMENTED,NOT_RUN
CardHolder,P5,BACKEND_RUNTIME,OWNER_APPROVED_POLICY,CARRIER_OF_AUTHORIZED_PRINCIPAL_ONLY,CARRIER_OF_AUTHORIZED_PRINCIPAL_ONLY,CARRIER_OF_AUTHORIZED_PRINCIPAL_ONLY,CARRIER_OF_AUTHORIZED_PRINCIPAL_ONLY,BLOCKED_NOT_IMPLEMENTED,NOT_RUN
CardHolder,P5,MIGRATION_OWNER,OWNER_APPROVED_POLICY,DENY,DENY,DENY,DENY,BLOCKED_NOT_IMPLEMENTED,NOT_RUN
CardLifecycleEvent,P3,USER,OWNER_APPROVED_POLICY,OWN_DOMAIN_EVENT_SAFE_PROJECTION_ONLY,DENY,DENY,DENY,BLOCKED_NOT_IMPLEMENTED,NOT_RUN
CardLifecycleEvent,P3,TENANT_ADMIN,OWNER_APPROVED_POLICY,TENANT_REDACTED_PROJECTION,DENY,DENY,DENY,BLOCKED_NOT_IMPLEMENTED,NOT_RUN
CardLifecycleEvent,P3,PLATFORM_ADMIN,OWNER_APPROVED_POLICY,JIT_REDACTED_READ_ONLY,DENY,DENY,DENY,BLOCKED_NOT_IMPLEMENTED,NOT_RUN
CardLifecycleEvent,P3,BACKGROUND_TASK,OWNER_APPROVED_POLICY,PURPOSE_MINIMUM_READ_ONLY,PURPOSE_COMMAND_ONLY,DENY_APPEND_ONLY_OR_CONFLICT_PENDING,DENY,BLOCKED_NOT_IMPLEMENTED,NOT_RUN
CardLifecycleEvent,P3,BACKEND_RUNTIME,OWNER_APPROVED_POLICY,CARRIER_OF_AUTHORIZED_PRINCIPAL_ONLY,CARRIER_OF_AUTHORIZED_PRINCIPAL_ONLY,CARRIER_OF_AUTHORIZED_PRINCIPAL_ONLY,CARRIER_OF_AUTHORIZED_PRINCIPAL_ONLY,BLOCKED_NOT_IMPLEMENTED,NOT_RUN
CardLifecycleEvent,P3,MIGRATION_OWNER,OWNER_APPROVED_POLICY,DENY,DENY,DENY,DENY,BLOCKED_NOT_IMPLEMENTED,NOT_RUN
CardLimit,P5,USER,OWNER_APPROVED_POLICY,OWN_SAFE_PROJECTION,DENY,DENY,DENY,BLOCKED_NOT_IMPLEMENTED,NOT_RUN
CardLimit,P5,TENANT_ADMIN,OWNER_APPROVED_POLICY,TENANT_REDACTED_PROJECTION,DENY,DENY,DENY,BLOCKED_NOT_IMPLEMENTED,NOT_RUN
CardLimit,P5,PLATFORM_ADMIN,OWNER_APPROVED_POLICY,JIT_REDACTED_READ_ONLY,DENY,DENY,DENY,BLOCKED_NOT_IMPLEMENTED,NOT_RUN
CardLimit,P5,BACKGROUND_TASK,OWNER_APPROVED_POLICY,PURPOSE_MINIMUM_READ_ONLY,PURPOSE_COMMAND_ONLY,APPROVED_STATE_COMMAND_ONLY_NO_ARBITRARY_DML,DENY,BLOCKED_NOT_IMPLEMENTED,NOT_RUN
CardLimit,P5,BACKEND_RUNTIME,OWNER_APPROVED_POLICY,CARRIER_OF_AUTHORIZED_PRINCIPAL_ONLY,CARRIER_OF_AUTHORIZED_PRINCIPAL_ONLY,CARRIER_OF_AUTHORIZED_PRINCIPAL_ONLY,CARRIER_OF_AUTHORIZED_PRINCIPAL_ONLY,BLOCKED_NOT_IMPLEMENTED,NOT_RUN
CardLimit,P5,MIGRATION_OWNER,OWNER_APPROVED_POLICY,DENY,DENY,DENY,DENY,BLOCKED_NOT_IMPLEMENTED,NOT_RUN
CardRenewal,P5,USER,OWNER_APPROVED_POLICY,OWN_SAFE_PROJECTION,DENY,DENY,DENY,BLOCKED_NOT_IMPLEMENTED,NOT_RUN
CardRenewal,P5,TENANT_ADMIN,OWNER_APPROVED_POLICY,TENANT_REDACTED_PROJECTION,DENY,DENY,DENY,BLOCKED_NOT_IMPLEMENTED,NOT_RUN
CardRenewal,P5,PLATFORM_ADMIN,OWNER_APPROVED_POLICY,JIT_REDACTED_READ_ONLY,DENY,DENY,DENY,BLOCKED_NOT_IMPLEMENTED,NOT_RUN
CardRenewal,P5,BACKGROUND_TASK,OWNER_APPROVED_POLICY,PURPOSE_MINIMUM_READ_ONLY,PURPOSE_COMMAND_ONLY,APPROVED_STATE_COMMAND_ONLY_NO_ARBITRARY_DML,DENY,BLOCKED_NOT_IMPLEMENTED,NOT_RUN
CardRenewal,P5,BACKEND_RUNTIME,OWNER_APPROVED_POLICY,CARRIER_OF_AUTHORIZED_PRINCIPAL_ONLY,CARRIER_OF_AUTHORIZED_PRINCIPAL_ONLY,CARRIER_OF_AUTHORIZED_PRINCIPAL_ONLY,CARRIER_OF_AUTHORIZED_PRINCIPAL_ONLY,BLOCKED_NOT_IMPLEMENTED,NOT_RUN
CardRenewal,P5,MIGRATION_OWNER,OWNER_APPROVED_POLICY,DENY,DENY,DENY,DENY,BLOCKED_NOT_IMPLEMENTED,NOT_RUN
CardReplacement,P5,USER,OWNER_APPROVED_POLICY,OWN_SAFE_PROJECTION,DENY,DENY,DENY,BLOCKED_NOT_IMPLEMENTED,NOT_RUN
CardReplacement,P5,TENANT_ADMIN,OWNER_APPROVED_POLICY,TENANT_REDACTED_PROJECTION,DENY,DENY,DENY,BLOCKED_NOT_IMPLEMENTED,NOT_RUN
CardReplacement,P5,PLATFORM_ADMIN,OWNER_APPROVED_POLICY,JIT_REDACTED_READ_ONLY,DENY,DENY,DENY,BLOCKED_NOT_IMPLEMENTED,NOT_RUN
CardReplacement,P5,BACKGROUND_TASK,OWNER_APPROVED_POLICY,PURPOSE_MINIMUM_READ_ONLY,PURPOSE_COMMAND_ONLY,APPROVED_STATE_COMMAND_ONLY_NO_ARBITRARY_DML,DENY,BLOCKED_NOT_IMPLEMENTED,NOT_RUN
CardReplacement,P5,BACKEND_RUNTIME,OWNER_APPROVED_POLICY,CARRIER_OF_AUTHORIZED_PRINCIPAL_ONLY,CARRIER_OF_AUTHORIZED_PRINCIPAL_ONLY,CARRIER_OF_AUTHORIZED_PRINCIPAL_ONLY,CARRIER_OF_AUTHORIZED_PRINCIPAL_ONLY,BLOCKED_NOT_IMPLEMENTED,NOT_RUN
CardReplacement,P5,MIGRATION_OWNER,OWNER_APPROVED_POLICY,DENY,DENY,DENY,DENY,BLOCKED_NOT_IMPLEMENTED,NOT_RUN
CardRestriction,P5,USER,OWNER_APPROVED_POLICY,OWN_SAFE_PROJECTION,DENY,DENY,DENY,BLOCKED_NOT_IMPLEMENTED,NOT_RUN
CardRestriction,P5,TENANT_ADMIN,OWNER_APPROVED_POLICY,TENANT_REDACTED_PROJECTION,DENY,DENY,DENY,BLOCKED_NOT_IMPLEMENTED,NOT_RUN
CardRestriction,P5,PLATFORM_ADMIN,OWNER_APPROVED_POLICY,JIT_REDACTED_READ_ONLY,DENY,DENY,DENY,BLOCKED_NOT_IMPLEMENTED,NOT_RUN
CardRestriction,P5,BACKGROUND_TASK,OWNER_APPROVED_POLICY,PURPOSE_MINIMUM_READ_ONLY,PURPOSE_COMMAND_ONLY,APPROVED_STATE_COMMAND_ONLY_NO_ARBITRARY_DML,DENY,BLOCKED_NOT_IMPLEMENTED,NOT_RUN
CardRestriction,P5,BACKEND_RUNTIME,OWNER_APPROVED_POLICY,CARRIER_OF_AUTHORIZED_PRINCIPAL_ONLY,CARRIER_OF_AUTHORIZED_PRINCIPAL_ONLY,CARRIER_OF_AUTHORIZED_PRINCIPAL_ONLY,CARRIER_OF_AUTHORIZED_PRINCIPAL_ONLY,BLOCKED_NOT_IMPLEMENTED,NOT_RUN
CardRestriction,P5,MIGRATION_OWNER,OWNER_APPROVED_POLICY,DENY,DENY,DENY,DENY,BLOCKED_NOT_IMPLEMENTED,NOT_RUN
CardSecurityProfile,P1,USER,OWNER_APPROVED_POLICY,DENY,DENY,DENY,DENY,BLOCKED_NOT_IMPLEMENTED,NOT_RUN
CardSecurityProfile,P1,TENANT_ADMIN,OWNER_APPROVED_POLICY,DENY_SECRET_TABLE,DENY,DENY,DENY,BLOCKED_NOT_IMPLEMENTED,NOT_RUN
CardSecurityProfile,P1,PLATFORM_ADMIN,OWNER_APPROVED_POLICY,DENY_SECRET_TABLE,DENY,DENY,DENY,BLOCKED_NOT_IMPLEMENTED,NOT_RUN
CardSecurityProfile,P1,BACKGROUND_TASK,OWNER_APPROVED_POLICY,DENY_GENERIC_TASK_SECRET_READ,DENY,DENY,DENY,BLOCKED_NOT_IMPLEMENTED,NOT_RUN
CardSecurityProfile,P1,BACKEND_RUNTIME,OWNER_APPROVED_POLICY,CARRIER_OF_AUTHORIZED_PRINCIPAL_ONLY,CARRIER_OF_AUTHORIZED_PRINCIPAL_ONLY,CARRIER_OF_AUTHORIZED_PRINCIPAL_ONLY,CARRIER_OF_AUTHORIZED_PRINCIPAL_ONLY,BLOCKED_NOT_IMPLEMENTED,NOT_RUN
CardSecurityProfile,P1,MIGRATION_OWNER,OWNER_APPROVED_POLICY,DENY,DENY,DENY,DENY,BLOCKED_NOT_IMPLEMENTED,NOT_RUN
CardTransaction,P5,USER,OWNER_APPROVED_POLICY,OWN_SAFE_PROJECTION,DENY,DENY,DENY,BLOCKED_NOT_IMPLEMENTED,NOT_RUN
CardTransaction,P5,TENANT_ADMIN,OWNER_APPROVED_POLICY,TENANT_REDACTED_PROJECTION,DENY,DENY,DENY,BLOCKED_NOT_IMPLEMENTED,NOT_RUN
CardTransaction,P5,PLATFORM_ADMIN,OWNER_APPROVED_POLICY,JIT_REDACTED_READ_ONLY,DENY,DENY,DENY,BLOCKED_NOT_IMPLEMENTED,NOT_RUN
CardTransaction,P5,BACKGROUND_TASK,OWNER_APPROVED_POLICY,PURPOSE_MINIMUM_READ_ONLY,PURPOSE_COMMAND_ONLY,APPROVED_STATE_COMMAND_ONLY_NO_ARBITRARY_DML,DENY,BLOCKED_NOT_IMPLEMENTED,NOT_RUN
CardTransaction,P5,BACKEND_RUNTIME,OWNER_APPROVED_POLICY,CARRIER_OF_AUTHORIZED_PRINCIPAL_ONLY,CARRIER_OF_AUTHORIZED_PRINCIPAL_ONLY,CARRIER_OF_AUTHORIZED_PRINCIPAL_ONLY,CARRIER_OF_AUTHORIZED_PRINCIPAL_ONLY,BLOCKED_NOT_IMPLEMENTED,NOT_RUN
CardTransaction,P5,MIGRATION_OWNER,OWNER_APPROVED_POLICY,DENY,DENY,DENY,DENY,BLOCKED_NOT_IMPLEMENTED,NOT_RUN
Customer,P4,USER,OWNER_APPROVED_POLICY,OWN_SAFE_PROJECTION,DENY,ONLY_EXPLICIT_FIELD_WHITELIST,DENY,BLOCKED_NOT_IMPLEMENTED,NOT_RUN
Customer,P4,TENANT_ADMIN,OWNER_APPROVED_POLICY,TENANT_REDACTED_PROJECTION,DENY,DENY,DENY,BLOCKED_NOT_IMPLEMENTED,NOT_RUN
Customer,P4,PLATFORM_ADMIN,OWNER_APPROVED_POLICY,JIT_REDACTED_READ_ONLY,DENY,DENY,DENY,BLOCKED_NOT_IMPLEMENTED,NOT_RUN
Customer,P4,BACKGROUND_TASK,OWNER_APPROVED_POLICY,PURPOSE_MINIMUM_READ_ONLY,DENY,DENY,DENY,BLOCKED_NOT_IMPLEMENTED,NOT_RUN
Customer,P4,BACKEND_RUNTIME,OWNER_APPROVED_POLICY,CARRIER_OF_AUTHORIZED_PRINCIPAL_ONLY,CARRIER_OF_AUTHORIZED_PRINCIPAL_ONLY,CARRIER_OF_AUTHORIZED_PRINCIPAL_ONLY,CARRIER_OF_AUTHORIZED_PRINCIPAL_ONLY,BLOCKED_NOT_IMPLEMENTED,NOT_RUN
Customer,P4,MIGRATION_OWNER,OWNER_APPROVED_POLICY,DENY,DENY,DENY,DENY,BLOCKED_NOT_IMPLEMENTED,NOT_RUN
EndUserRefreshToken,P1,USER,OWNER_APPROVED_POLICY,OWN_SESSION_METADATA_SUBJECT_TYPE_MATCH_REQUIRED,DENY,DENY,DENY,BLOCKED_NOT_IMPLEMENTED,NOT_RUN
EndUserRefreshToken,P1,TENANT_ADMIN,OWNER_APPROVED_POLICY,OWN_SESSION_METADATA_SUBJECT_TYPE_MATCH_REQUIRED,DENY,DENY,DENY,BLOCKED_NOT_IMPLEMENTED,NOT_RUN
EndUserRefreshToken,P1,PLATFORM_ADMIN,OWNER_APPROVED_POLICY,JIT_REDACTED_READ_ONLY,DENY,DENY,DENY,BLOCKED_NOT_IMPLEMENTED,NOT_RUN
EndUserRefreshToken,P1,BACKGROUND_TASK,OWNER_APPROVED_POLICY,PURPOSE_MINIMUM_READ_ONLY,DENY,DENY,RETENTION_ONLY_AFTER_SEPARATE_APPROVAL,BLOCKED_NOT_IMPLEMENTED,NOT_RUN
EndUserRefreshToken,P1,BACKEND_RUNTIME,OWNER_APPROVED_POLICY,CARRIER_OF_AUTHORIZED_PRINCIPAL_ONLY,CARRIER_OF_AUTHORIZED_PRINCIPAL_ONLY,CARRIER_OF_AUTHORIZED_PRINCIPAL_ONLY,CARRIER_OF_AUTHORIZED_PRINCIPAL_ONLY,BLOCKED_NOT_IMPLEMENTED,NOT_RUN
EndUserRefreshToken,P1,MIGRATION_OWNER,OWNER_APPROVED_POLICY,DENY,DENY,DENY,DENY,BLOCKED_NOT_IMPLEMENTED,NOT_RUN
EndUserSession,P1,USER,OWNER_APPROVED_POLICY,OWN_SESSION_METADATA_SUBJECT_TYPE_MATCH_REQUIRED,DENY,DENY,DENY,BLOCKED_NOT_IMPLEMENTED,NOT_RUN
EndUserSession,P1,TENANT_ADMIN,OWNER_APPROVED_POLICY,OWN_SESSION_METADATA_SUBJECT_TYPE_MATCH_REQUIRED,DENY,DENY,DENY,BLOCKED_NOT_IMPLEMENTED,NOT_RUN
EndUserSession,P1,PLATFORM_ADMIN,OWNER_APPROVED_POLICY,JIT_REDACTED_READ_ONLY,DENY,DENY,DENY,BLOCKED_NOT_IMPLEMENTED,NOT_RUN
EndUserSession,P1,BACKGROUND_TASK,OWNER_APPROVED_POLICY,PURPOSE_MINIMUM_READ_ONLY,DENY,DENY,RETENTION_ONLY_AFTER_SEPARATE_APPROVAL,BLOCKED_NOT_IMPLEMENTED,NOT_RUN
EndUserSession,P1,BACKEND_RUNTIME,OWNER_APPROVED_POLICY,CARRIER_OF_AUTHORIZED_PRINCIPAL_ONLY,CARRIER_OF_AUTHORIZED_PRINCIPAL_ONLY,CARRIER_OF_AUTHORIZED_PRINCIPAL_ONLY,CARRIER_OF_AUTHORIZED_PRINCIPAL_ONLY,BLOCKED_NOT_IMPLEMENTED,NOT_RUN
EndUserSession,P1,MIGRATION_OWNER,OWNER_APPROVED_POLICY,DENY,DENY,DENY,DENY,BLOCKED_NOT_IMPLEMENTED,NOT_RUN
EvidenceArtifact,P3,USER,OWNER_APPROVED_POLICY,DENY,DENY,DENY,DENY,BLOCKED_NOT_IMPLEMENTED,NOT_RUN
EvidenceArtifact,P3,TENANT_ADMIN,OWNER_APPROVED_POLICY,TENANT_REDACTED_PROJECTION,DENY,DENY,DENY,BLOCKED_NOT_IMPLEMENTED,NOT_RUN
EvidenceArtifact,P3,PLATFORM_ADMIN,OWNER_APPROVED_POLICY,JIT_REDACTED_READ_ONLY,DENY,DENY,DENY,BLOCKED_NOT_IMPLEMENTED,NOT_RUN
EvidenceArtifact,P3,BACKGROUND_TASK,OWNER_APPROVED_POLICY,PURPOSE_MINIMUM_READ_ONLY,PURPOSE_COMMAND_ONLY,DENY_APPEND_ONLY_OR_CONFLICT_PENDING,DENY,BLOCKED_NOT_IMPLEMENTED,NOT_RUN
EvidenceArtifact,P3,BACKEND_RUNTIME,OWNER_APPROVED_POLICY,CARRIER_OF_AUTHORIZED_PRINCIPAL_ONLY,CARRIER_OF_AUTHORIZED_PRINCIPAL_ONLY,CARRIER_OF_AUTHORIZED_PRINCIPAL_ONLY,CARRIER_OF_AUTHORIZED_PRINCIPAL_ONLY,BLOCKED_NOT_IMPLEMENTED,NOT_RUN
EvidenceArtifact,P3,MIGRATION_OWNER,OWNER_APPROVED_POLICY,DENY,DENY,DENY,DENY,BLOCKED_NOT_IMPLEMENTED,NOT_RUN
FxConversion,P6,USER,OWNER_APPROVED_POLICY,OWN_SAFE_PROJECTION,DENY,DENY,DENY,BLOCKED_NOT_IMPLEMENTED,NOT_RUN
FxConversion,P6,TENANT_ADMIN,OWNER_APPROVED_POLICY,TENANT_REDACTED_PROJECTION,DENY,DENY,DENY,BLOCKED_NOT_IMPLEMENTED,NOT_RUN
FxConversion,P6,PLATFORM_ADMIN,OWNER_APPROVED_POLICY,JIT_REDACTED_READ_ONLY,DENY,DENY,DENY,BLOCKED_NOT_IMPLEMENTED,NOT_RUN
FxConversion,P6,BACKGROUND_TASK,OWNER_APPROVED_POLICY,PURPOSE_MINIMUM_READ_ONLY,PURPOSE_COMMAND_ONLY,APPROVED_STATE_COMMAND_ONLY_NO_ARBITRARY_DML,DENY,BLOCKED_NOT_IMPLEMENTED,NOT_RUN
FxConversion,P6,BACKEND_RUNTIME,OWNER_APPROVED_POLICY,CARRIER_OF_AUTHORIZED_PRINCIPAL_ONLY,CARRIER_OF_AUTHORIZED_PRINCIPAL_ONLY,CARRIER_OF_AUTHORIZED_PRINCIPAL_ONLY,CARRIER_OF_AUTHORIZED_PRINCIPAL_ONLY,BLOCKED_NOT_IMPLEMENTED,NOT_RUN
FxConversion,P6,MIGRATION_OWNER,OWNER_APPROVED_POLICY,DENY,DENY,DENY,DENY,BLOCKED_NOT_IMPLEMENTED,NOT_RUN
FxOrder,P6,USER,OWNER_APPROVED_POLICY,OWN_SAFE_PROJECTION,DENY,DENY,DENY,BLOCKED_NOT_IMPLEMENTED,NOT_RUN
FxOrder,P6,TENANT_ADMIN,OWNER_APPROVED_POLICY,TENANT_REDACTED_PROJECTION,DENY,DENY,DENY,BLOCKED_NOT_IMPLEMENTED,NOT_RUN
FxOrder,P6,PLATFORM_ADMIN,OWNER_APPROVED_POLICY,JIT_REDACTED_READ_ONLY,DENY,DENY,DENY,BLOCKED_NOT_IMPLEMENTED,NOT_RUN
FxOrder,P6,BACKGROUND_TASK,OWNER_APPROVED_POLICY,PURPOSE_MINIMUM_READ_ONLY,PURPOSE_COMMAND_ONLY,APPROVED_STATE_COMMAND_ONLY_NO_ARBITRARY_DML,DENY,BLOCKED_NOT_IMPLEMENTED,NOT_RUN
FxOrder,P6,BACKEND_RUNTIME,OWNER_APPROVED_POLICY,CARRIER_OF_AUTHORIZED_PRINCIPAL_ONLY,CARRIER_OF_AUTHORIZED_PRINCIPAL_ONLY,CARRIER_OF_AUTHORIZED_PRINCIPAL_ONLY,CARRIER_OF_AUTHORIZED_PRINCIPAL_ONLY,BLOCKED_NOT_IMPLEMENTED,NOT_RUN
FxOrder,P6,MIGRATION_OWNER,OWNER_APPROVED_POLICY,DENY,DENY,DENY,DENY,BLOCKED_NOT_IMPLEMENTED,NOT_RUN
FxRate,P6,USER,OWNER_APPROVED_POLICY,OWN_SAFE_PROJECTION,DENY,DENY,DENY,BLOCKED_NOT_IMPLEMENTED,NOT_RUN
FxRate,P6,TENANT_ADMIN,OWNER_APPROVED_POLICY,TENANT_REDACTED_PROJECTION,DENY,DENY,DENY,BLOCKED_NOT_IMPLEMENTED,NOT_RUN
FxRate,P6,PLATFORM_ADMIN,OWNER_APPROVED_POLICY,JIT_REDACTED_READ_ONLY,DENY,DENY,DENY,BLOCKED_NOT_IMPLEMENTED,NOT_RUN
FxRate,P6,BACKGROUND_TASK,OWNER_APPROVED_POLICY,PURPOSE_MINIMUM_READ_ONLY,PURPOSE_COMMAND_ONLY,DENY,DENY,BLOCKED_NOT_IMPLEMENTED,NOT_RUN
FxRate,P6,BACKEND_RUNTIME,OWNER_APPROVED_POLICY,CARRIER_OF_AUTHORIZED_PRINCIPAL_ONLY,CARRIER_OF_AUTHORIZED_PRINCIPAL_ONLY,CARRIER_OF_AUTHORIZED_PRINCIPAL_ONLY,CARRIER_OF_AUTHORIZED_PRINCIPAL_ONLY,BLOCKED_NOT_IMPLEMENTED,NOT_RUN
FxRate,P6,MIGRATION_OWNER,OWNER_APPROVED_POLICY,DENY,DENY,DENY,DENY,BLOCKED_NOT_IMPLEMENTED,NOT_RUN
Journal,P6,USER,OWNER_APPROVED_POLICY,OWN_DOMAIN_FINANCIAL_PROJECTION_ONLY_NO_RAW_JOURNAL_EXPORT,DENY,DENY,DENY,BLOCKED_NOT_IMPLEMENTED,NOT_RUN
Journal,P6,TENANT_ADMIN,OWNER_APPROVED_POLICY,TENANT_REDACTED_PROJECTION,DENY,DENY,DENY,BLOCKED_NOT_IMPLEMENTED,NOT_RUN
Journal,P6,PLATFORM_ADMIN,OWNER_APPROVED_POLICY,JIT_REDACTED_READ_ONLY,DENY,DENY,DENY,BLOCKED_NOT_IMPLEMENTED,NOT_RUN
Journal,P6,BACKGROUND_TASK,OWNER_APPROVED_POLICY,PURPOSE_MINIMUM_READ_ONLY,PURPOSE_COMMAND_ONLY,APPROVED_STATE_COMMAND_ONLY_NO_ARBITRARY_DML,DENY,BLOCKED_NOT_IMPLEMENTED,NOT_RUN
Journal,P6,BACKEND_RUNTIME,OWNER_APPROVED_POLICY,CARRIER_OF_AUTHORIZED_PRINCIPAL_ONLY,CARRIER_OF_AUTHORIZED_PRINCIPAL_ONLY,CARRIER_OF_AUTHORIZED_PRINCIPAL_ONLY,CARRIER_OF_AUTHORIZED_PRINCIPAL_ONLY,BLOCKED_NOT_IMPLEMENTED,NOT_RUN
Journal,P6,MIGRATION_OWNER,OWNER_APPROVED_POLICY,DENY,DENY,DENY,DENY,BLOCKED_NOT_IMPLEMENTED,NOT_RUN
JournalEntry,P6,USER,OWNER_APPROVED_POLICY,OWN_DOMAIN_FINANCIAL_PROJECTION_ONLY_NO_RAW_JOURNAL_EXPORT,DENY,DENY,DENY,BLOCKED_NOT_IMPLEMENTED,NOT_RUN
JournalEntry,P6,TENANT_ADMIN,OWNER_APPROVED_POLICY,TENANT_REDACTED_PROJECTION,DENY,DENY,DENY,BLOCKED_NOT_IMPLEMENTED,NOT_RUN
JournalEntry,P6,PLATFORM_ADMIN,OWNER_APPROVED_POLICY,JIT_REDACTED_READ_ONLY,DENY,DENY,DENY,BLOCKED_NOT_IMPLEMENTED,NOT_RUN
JournalEntry,P6,BACKGROUND_TASK,OWNER_APPROVED_POLICY,PURPOSE_MINIMUM_READ_ONLY,PURPOSE_COMMAND_ONLY,DENY_APPEND_ONLY,DENY,BLOCKED_NOT_IMPLEMENTED,NOT_RUN
JournalEntry,P6,BACKEND_RUNTIME,OWNER_APPROVED_POLICY,CARRIER_OF_AUTHORIZED_PRINCIPAL_ONLY,CARRIER_OF_AUTHORIZED_PRINCIPAL_ONLY,CARRIER_OF_AUTHORIZED_PRINCIPAL_ONLY,CARRIER_OF_AUTHORIZED_PRINCIPAL_ONLY,BLOCKED_NOT_IMPLEMENTED,NOT_RUN
JournalEntry,P6,MIGRATION_OWNER,OWNER_APPROVED_POLICY,DENY,DENY,DENY,DENY,BLOCKED_NOT_IMPLEMENTED,NOT_RUN
Merchant,P7,USER,OWNER_APPROVED_POLICY,DENY,DENY,DENY,DENY,BLOCKED_NOT_IMPLEMENTED,NOT_RUN
Merchant,P7,TENANT_ADMIN,OWNER_APPROVED_POLICY,TENANT_REDACTED_PROJECTION,APPROVED_TENANT_MANAGEMENT_COMMAND_ONLY,ONLY_EXPLICIT_FIELD_WHITELIST,DENY,BLOCKED_NOT_IMPLEMENTED,NOT_RUN
Merchant,P7,PLATFORM_ADMIN,OWNER_APPROVED_POLICY,JIT_REDACTED_READ_ONLY,DENY,DENY,DENY,BLOCKED_NOT_IMPLEMENTED,NOT_RUN
Merchant,P7,BACKGROUND_TASK,OWNER_APPROVED_POLICY,PURPOSE_MINIMUM_READ_ONLY,DENY,DENY,DENY,BLOCKED_NOT_IMPLEMENTED,NOT_RUN
Merchant,P7,BACKEND_RUNTIME,OWNER_APPROVED_POLICY,CARRIER_OF_AUTHORIZED_PRINCIPAL_ONLY,CARRIER_OF_AUTHORIZED_PRINCIPAL_ONLY,CARRIER_OF_AUTHORIZED_PRINCIPAL_ONLY,CARRIER_OF_AUTHORIZED_PRINCIPAL_ONLY,BLOCKED_NOT_IMPLEMENTED,NOT_RUN
Merchant,P7,MIGRATION_OWNER,OWNER_APPROVED_POLICY,DENY,DENY,DENY,DENY,BLOCKED_NOT_IMPLEMENTED,NOT_RUN
MerchantPayment,P7,USER,OWNER_APPROVED_POLICY,OWN_SAFE_PROJECTION,PAYMENT_COMMAND_ONLY,DENY,DENY,BLOCKED_NOT_IMPLEMENTED,NOT_RUN
MerchantPayment,P7,TENANT_ADMIN,OWNER_APPROVED_POLICY,TENANT_REDACTED_PROJECTION,DENY,DENY,DENY,BLOCKED_NOT_IMPLEMENTED,NOT_RUN
MerchantPayment,P7,PLATFORM_ADMIN,OWNER_APPROVED_POLICY,JIT_REDACTED_READ_ONLY,DENY,DENY,DENY,BLOCKED_NOT_IMPLEMENTED,NOT_RUN
MerchantPayment,P7,BACKGROUND_TASK,OWNER_APPROVED_POLICY,PURPOSE_MINIMUM_READ_ONLY,PURPOSE_COMMAND_ONLY,APPROVED_STATE_COMMAND_ONLY_NO_ARBITRARY_DML,DENY,BLOCKED_NOT_IMPLEMENTED,NOT_RUN
MerchantPayment,P7,BACKEND_RUNTIME,OWNER_APPROVED_POLICY,CARRIER_OF_AUTHORIZED_PRINCIPAL_ONLY,CARRIER_OF_AUTHORIZED_PRINCIPAL_ONLY,CARRIER_OF_AUTHORIZED_PRINCIPAL_ONLY,CARRIER_OF_AUTHORIZED_PRINCIPAL_ONLY,BLOCKED_NOT_IMPLEMENTED,NOT_RUN
MerchantPayment,P7,MIGRATION_OWNER,OWNER_APPROVED_POLICY,DENY,DENY,DENY,DENY,BLOCKED_NOT_IMPLEMENTED,NOT_RUN
MerchantQrCode,P7,USER,OWNER_APPROVED_POLICY,VALID_QR_SAFE_PROJECTION_VIA_OWN_TENANT_API,DENY,DENY,DENY,BLOCKED_NOT_IMPLEMENTED,NOT_RUN
MerchantQrCode,P7,TENANT_ADMIN,OWNER_APPROVED_POLICY,TENANT_REDACTED_PROJECTION,DENY,DENY,DENY,BLOCKED_NOT_IMPLEMENTED,NOT_RUN
MerchantQrCode,P7,PLATFORM_ADMIN,OWNER_APPROVED_POLICY,JIT_REDACTED_READ_ONLY,DENY,DENY,DENY,BLOCKED_NOT_IMPLEMENTED,NOT_RUN
MerchantQrCode,P7,BACKGROUND_TASK,OWNER_APPROVED_POLICY,PURPOSE_MINIMUM_READ_ONLY,PURPOSE_COMMAND_ONLY,APPROVED_STATE_COMMAND_ONLY_NO_ARBITRARY_DML,DENY,BLOCKED_NOT_IMPLEMENTED,NOT_RUN
MerchantQrCode,P7,BACKEND_RUNTIME,OWNER_APPROVED_POLICY,CARRIER_OF_AUTHORIZED_PRINCIPAL_ONLY,CARRIER_OF_AUTHORIZED_PRINCIPAL_ONLY,CARRIER_OF_AUTHORIZED_PRINCIPAL_ONLY,CARRIER_OF_AUTHORIZED_PRINCIPAL_ONLY,BLOCKED_NOT_IMPLEMENTED,NOT_RUN
MerchantQrCode,P7,MIGRATION_OWNER,OWNER_APPROVED_POLICY,DENY,DENY,DENY,DENY,BLOCKED_NOT_IMPLEMENTED,NOT_RUN
Permission,P2,USER,OWNER_APPROVED_POLICY,DENY,DENY,DENY,DENY,BLOCKED_NOT_IMPLEMENTED,NOT_RUN
Permission,P2,TENANT_ADMIN,OWNER_APPROVED_POLICY,TENANT_REDACTED_PROJECTION,DENY,DENY,DENY,BLOCKED_NOT_IMPLEMENTED,NOT_RUN
Permission,P2,PLATFORM_ADMIN,OWNER_APPROVED_POLICY,JIT_REDACTED_READ_ONLY,DENY,DENY,DENY,BLOCKED_NOT_IMPLEMENTED,NOT_RUN
Permission,P2,BACKGROUND_TASK,OWNER_APPROVED_POLICY,PURPOSE_MINIMUM_READ_ONLY,DENY,DENY,DENY,BLOCKED_NOT_IMPLEMENTED,NOT_RUN
Permission,P2,BACKEND_RUNTIME,OWNER_APPROVED_POLICY,CARRIER_OF_AUTHORIZED_PRINCIPAL_ONLY,CARRIER_OF_AUTHORIZED_PRINCIPAL_ONLY,CARRIER_OF_AUTHORIZED_PRINCIPAL_ONLY,CARRIER_OF_AUTHORIZED_PRINCIPAL_ONLY,BLOCKED_NOT_IMPLEMENTED,NOT_RUN
Permission,P2,MIGRATION_OWNER,OWNER_APPROVED_POLICY,DENY,DENY,DENY,DENY,BLOCKED_NOT_IMPLEMENTED,NOT_RUN
ProviderOperation,P10,USER,OWNER_APPROVED_POLICY,DENY,DENY,DENY,DENY,BLOCKED_NOT_IMPLEMENTED,NOT_RUN
ProviderOperation,P10,TENANT_ADMIN,OWNER_APPROVED_POLICY,TENANT_REDACTED_PROJECTION,DENY,DENY,DENY,BLOCKED_NOT_IMPLEMENTED,NOT_RUN
ProviderOperation,P10,PLATFORM_ADMIN,OWNER_APPROVED_POLICY,JIT_REDACTED_READ_ONLY,DENY,DENY,DENY,BLOCKED_NOT_IMPLEMENTED,NOT_RUN
ProviderOperation,P10,BACKGROUND_TASK,OWNER_APPROVED_POLICY,PURPOSE_MINIMUM_READ_ONLY,PURPOSE_COMMAND_ONLY,APPROVED_STATE_COMMAND_ONLY_NO_ARBITRARY_DML,DENY,BLOCKED_NOT_IMPLEMENTED,NOT_RUN
ProviderOperation,P10,BACKEND_RUNTIME,OWNER_APPROVED_POLICY,CARRIER_OF_AUTHORIZED_PRINCIPAL_ONLY,CARRIER_OF_AUTHORIZED_PRINCIPAL_ONLY,CARRIER_OF_AUTHORIZED_PRINCIPAL_ONLY,CARRIER_OF_AUTHORIZED_PRINCIPAL_ONLY,BLOCKED_NOT_IMPLEMENTED,NOT_RUN
ProviderOperation,P10,MIGRATION_OWNER,OWNER_APPROVED_POLICY,DENY,DENY,DENY,DENY,BLOCKED_NOT_IMPLEMENTED,NOT_RUN
Role,P2,USER,OWNER_APPROVED_POLICY,DENY,DENY,DENY,DENY,BLOCKED_NOT_IMPLEMENTED,NOT_RUN
Role,P2,TENANT_ADMIN,OWNER_APPROVED_POLICY,TENANT_REDACTED_PROJECTION,DENY,DENY,DENY,BLOCKED_NOT_IMPLEMENTED,NOT_RUN
Role,P2,PLATFORM_ADMIN,OWNER_APPROVED_POLICY,JIT_REDACTED_READ_ONLY,DENY,DENY,DENY,BLOCKED_NOT_IMPLEMENTED,NOT_RUN
Role,P2,BACKGROUND_TASK,OWNER_APPROVED_POLICY,PURPOSE_MINIMUM_READ_ONLY,DENY,DENY,DENY,BLOCKED_NOT_IMPLEMENTED,NOT_RUN
Role,P2,BACKEND_RUNTIME,OWNER_APPROVED_POLICY,CARRIER_OF_AUTHORIZED_PRINCIPAL_ONLY,CARRIER_OF_AUTHORIZED_PRINCIPAL_ONLY,CARRIER_OF_AUTHORIZED_PRINCIPAL_ONLY,CARRIER_OF_AUTHORIZED_PRINCIPAL_ONLY,BLOCKED_NOT_IMPLEMENTED,NOT_RUN
Role,P2,MIGRATION_OWNER,OWNER_APPROVED_POLICY,DENY,DENY,DENY,DENY,BLOCKED_NOT_IMPLEMENTED,NOT_RUN
RolePermission,P2,USER,OWNER_APPROVED_POLICY,DENY,DENY,DENY,DENY,BLOCKED_NOT_IMPLEMENTED,NOT_RUN
RolePermission,P2,TENANT_ADMIN,OWNER_APPROVED_POLICY,TENANT_REDACTED_PROJECTION,DENY,DENY,DENY,BLOCKED_NOT_IMPLEMENTED,NOT_RUN
RolePermission,P2,PLATFORM_ADMIN,OWNER_APPROVED_POLICY,JIT_REDACTED_READ_ONLY,DENY,DENY,DENY,BLOCKED_NOT_IMPLEMENTED,NOT_RUN
RolePermission,P2,BACKGROUND_TASK,OWNER_APPROVED_POLICY,PURPOSE_MINIMUM_READ_ONLY,DENY,DENY,DENY,BLOCKED_NOT_IMPLEMENTED,NOT_RUN
RolePermission,P2,BACKEND_RUNTIME,OWNER_APPROVED_POLICY,CARRIER_OF_AUTHORIZED_PRINCIPAL_ONLY,CARRIER_OF_AUTHORIZED_PRINCIPAL_ONLY,CARRIER_OF_AUTHORIZED_PRINCIPAL_ONLY,CARRIER_OF_AUTHORIZED_PRINCIPAL_ONLY,BLOCKED_NOT_IMPLEMENTED,NOT_RUN
RolePermission,P2,MIGRATION_OWNER,OWNER_APPROVED_POLICY,DENY,DENY,DENY,DENY,BLOCKED_NOT_IMPLEMENTED,NOT_RUN
SettlementBatch,P7,USER,OWNER_APPROVED_POLICY,DENY,DENY,DENY,DENY,BLOCKED_NOT_IMPLEMENTED,NOT_RUN
SettlementBatch,P7,TENANT_ADMIN,OWNER_APPROVED_POLICY,TENANT_REDACTED_PROJECTION,DENY,DENY,DENY,BLOCKED_NOT_IMPLEMENTED,NOT_RUN
SettlementBatch,P7,PLATFORM_ADMIN,OWNER_APPROVED_POLICY,JIT_REDACTED_READ_ONLY,DENY,DENY,DENY,BLOCKED_NOT_IMPLEMENTED,NOT_RUN
SettlementBatch,P7,BACKGROUND_TASK,OWNER_APPROVED_POLICY,PURPOSE_MINIMUM_READ_ONLY,PURPOSE_COMMAND_ONLY,APPROVED_STATE_COMMAND_ONLY_NO_ARBITRARY_DML,DENY,BLOCKED_NOT_IMPLEMENTED,NOT_RUN
SettlementBatch,P7,BACKEND_RUNTIME,OWNER_APPROVED_POLICY,CARRIER_OF_AUTHORIZED_PRINCIPAL_ONLY,CARRIER_OF_AUTHORIZED_PRINCIPAL_ONLY,CARRIER_OF_AUTHORIZED_PRINCIPAL_ONLY,CARRIER_OF_AUTHORIZED_PRINCIPAL_ONLY,BLOCKED_NOT_IMPLEMENTED,NOT_RUN
SettlementBatch,P7,MIGRATION_OWNER,OWNER_APPROVED_POLICY,DENY,DENY,DENY,DENY,BLOCKED_NOT_IMPLEMENTED,NOT_RUN
SettlementItem,P7,USER,OWNER_APPROVED_POLICY,DENY,DENY,DENY,DENY,BLOCKED_NOT_IMPLEMENTED,NOT_RUN
SettlementItem,P7,TENANT_ADMIN,OWNER_APPROVED_POLICY,TENANT_REDACTED_PROJECTION,DENY,DENY,DENY,BLOCKED_NOT_IMPLEMENTED,NOT_RUN
SettlementItem,P7,PLATFORM_ADMIN,OWNER_APPROVED_POLICY,JIT_REDACTED_READ_ONLY,DENY,DENY,DENY,BLOCKED_NOT_IMPLEMENTED,NOT_RUN
SettlementItem,P7,BACKGROUND_TASK,OWNER_APPROVED_POLICY,PURPOSE_MINIMUM_READ_ONLY,PURPOSE_COMMAND_ONLY,APPROVED_STATE_COMMAND_ONLY_NO_ARBITRARY_DML,DENY,BLOCKED_NOT_IMPLEMENTED,NOT_RUN
SettlementItem,P7,BACKEND_RUNTIME,OWNER_APPROVED_POLICY,CARRIER_OF_AUTHORIZED_PRINCIPAL_ONLY,CARRIER_OF_AUTHORIZED_PRINCIPAL_ONLY,CARRIER_OF_AUTHORIZED_PRINCIPAL_ONLY,CARRIER_OF_AUTHORIZED_PRINCIPAL_ONLY,BLOCKED_NOT_IMPLEMENTED,NOT_RUN
SettlementItem,P7,MIGRATION_OWNER,OWNER_APPROVED_POLICY,DENY,DENY,DENY,DENY,BLOCKED_NOT_IMPLEMENTED,NOT_RUN
SimulationRecord,P8,USER,OWNER_APPROVED_POLICY,OWN_APPROVED_SANDBOX_RESULT,DENY,DENY,DENY,BLOCKED_NOT_IMPLEMENTED,NOT_RUN
SimulationRecord,P8,TENANT_ADMIN,OWNER_APPROVED_POLICY,TENANT_REDACTED_PROJECTION,APPROVED_SCENARIO_COMMAND_ONLY,APPROVED_SCENARIO_RESET_COMMAND_ONLY,DENY,BLOCKED_NOT_IMPLEMENTED,NOT_RUN
SimulationRecord,P8,PLATFORM_ADMIN,OWNER_APPROVED_POLICY,JIT_REDACTED_READ_ONLY,DENY,DENY,DENY,BLOCKED_NOT_IMPLEMENTED,NOT_RUN
SimulationRecord,P8,BACKGROUND_TASK,OWNER_APPROVED_POLICY,PURPOSE_MINIMUM_READ_ONLY,BLOCKED_WORKER_IDENTITY_NOT_ASSIGNED,DENY,DENY,BLOCKED_NOT_IMPLEMENTED,NOT_RUN
SimulationRecord,P8,BACKEND_RUNTIME,OWNER_APPROVED_POLICY,CARRIER_OF_AUTHORIZED_PRINCIPAL_ONLY,CARRIER_OF_AUTHORIZED_PRINCIPAL_ONLY,CARRIER_OF_AUTHORIZED_PRINCIPAL_ONLY,CARRIER_OF_AUTHORIZED_PRINCIPAL_ONLY,BLOCKED_NOT_IMPLEMENTED,NOT_RUN
SimulationRecord,P8,MIGRATION_OWNER,OWNER_APPROVED_POLICY,DENY,DENY,DENY,DENY,BLOCKED_NOT_IMPLEMENTED,NOT_RUN
SimulationScenario,P8,USER,OWNER_APPROVED_POLICY,DENY,DENY,DENY,DENY,BLOCKED_NOT_IMPLEMENTED,NOT_RUN
SimulationScenario,P8,TENANT_ADMIN,OWNER_APPROVED_POLICY,TENANT_REDACTED_PROJECTION,APPROVED_SCENARIO_COMMAND_ONLY,APPROVED_SCENARIO_RESET_COMMAND_ONLY,DENY,BLOCKED_NOT_IMPLEMENTED,NOT_RUN
SimulationScenario,P8,PLATFORM_ADMIN,OWNER_APPROVED_POLICY,JIT_REDACTED_READ_ONLY,DENY,DENY,DENY,BLOCKED_NOT_IMPLEMENTED,NOT_RUN
SimulationScenario,P8,BACKGROUND_TASK,OWNER_APPROVED_POLICY,PURPOSE_MINIMUM_READ_ONLY,BLOCKED_WORKER_IDENTITY_NOT_ASSIGNED,DENY,DENY,BLOCKED_NOT_IMPLEMENTED,NOT_RUN
SimulationScenario,P8,BACKEND_RUNTIME,OWNER_APPROVED_POLICY,CARRIER_OF_AUTHORIZED_PRINCIPAL_ONLY,CARRIER_OF_AUTHORIZED_PRINCIPAL_ONLY,CARRIER_OF_AUTHORIZED_PRINCIPAL_ONLY,CARRIER_OF_AUTHORIZED_PRINCIPAL_ONLY,BLOCKED_NOT_IMPLEMENTED,NOT_RUN
SimulationScenario,P8,MIGRATION_OWNER,OWNER_APPROVED_POLICY,DENY,DENY,DENY,DENY,BLOCKED_NOT_IMPLEMENTED,NOT_RUN
Tenant,P9,USER,OWNER_APPROVED_POLICY,DENY,DENY,DENY,DENY,BLOCKED_NOT_IMPLEMENTED,NOT_RUN
Tenant,P9,TENANT_ADMIN,OWNER_APPROVED_POLICY,TENANT_REDACTED_PROJECTION,DENY,ONLY_EXPLICIT_FIELD_WHITELIST,DENY,BLOCKED_NOT_IMPLEMENTED,NOT_RUN
Tenant,P9,PLATFORM_ADMIN,OWNER_APPROVED_POLICY,JIT_REDACTED_READ_ONLY,DENY,DENY,DENY,BLOCKED_NOT_IMPLEMENTED,NOT_RUN
Tenant,P9,BACKGROUND_TASK,OWNER_APPROVED_POLICY,PURPOSE_MINIMUM_READ_ONLY,DENY,DENY,DENY,BLOCKED_NOT_IMPLEMENTED,NOT_RUN
Tenant,P9,BACKEND_RUNTIME,OWNER_APPROVED_POLICY,CARRIER_OF_AUTHORIZED_PRINCIPAL_ONLY,CARRIER_OF_AUTHORIZED_PRINCIPAL_ONLY,CARRIER_OF_AUTHORIZED_PRINCIPAL_ONLY,CARRIER_OF_AUTHORIZED_PRINCIPAL_ONLY,BLOCKED_NOT_IMPLEMENTED,NOT_RUN
Tenant,P9,MIGRATION_OWNER,OWNER_APPROVED_POLICY,DENY,DENY,DENY,DENY,BLOCKED_NOT_IMPLEMENTED,NOT_RUN
TenantCardProviderConfig,P10,USER,OWNER_APPROVED_POLICY,DENY,DENY,DENY,DENY,BLOCKED_NOT_IMPLEMENTED,NOT_RUN
TenantCardProviderConfig,P10,TENANT_ADMIN,OWNER_APPROVED_POLICY,TENANT_REDACTED_PROJECTION,DENY,DENY,DENY,BLOCKED_NOT_IMPLEMENTED,NOT_RUN
TenantCardProviderConfig,P10,PLATFORM_ADMIN,OWNER_APPROVED_POLICY,JIT_REDACTED_READ_ONLY,DENY,DENY,DENY,BLOCKED_NOT_IMPLEMENTED,NOT_RUN
TenantCardProviderConfig,P10,BACKGROUND_TASK,OWNER_APPROVED_POLICY,PURPOSE_MINIMUM_READ_ONLY,DENY,DENY,DENY,BLOCKED_NOT_IMPLEMENTED,NOT_RUN
TenantCardProviderConfig,P10,BACKEND_RUNTIME,OWNER_APPROVED_POLICY,CARRIER_OF_AUTHORIZED_PRINCIPAL_ONLY,CARRIER_OF_AUTHORIZED_PRINCIPAL_ONLY,CARRIER_OF_AUTHORIZED_PRINCIPAL_ONLY,CARRIER_OF_AUTHORIZED_PRINCIPAL_ONLY,BLOCKED_NOT_IMPLEMENTED,NOT_RUN
TenantCardProviderConfig,P10,MIGRATION_OWNER,OWNER_APPROVED_POLICY,DENY,DENY,DENY,DENY,BLOCKED_NOT_IMPLEMENTED,NOT_RUN
TenantUser,P2,USER,OWNER_APPROVED_POLICY,DENY,DENY,DENY,DENY,BLOCKED_NOT_IMPLEMENTED,NOT_RUN
TenantUser,P2,TENANT_ADMIN,OWNER_APPROVED_POLICY,TENANT_REDACTED_PROJECTION,APPROVED_TENANT_MANAGEMENT_COMMAND_ONLY,ONLY_EXPLICIT_FIELD_WHITELIST,DENY,BLOCKED_NOT_IMPLEMENTED,NOT_RUN
TenantUser,P2,PLATFORM_ADMIN,OWNER_APPROVED_POLICY,JIT_REDACTED_READ_ONLY,DENY,DENY,DENY,BLOCKED_NOT_IMPLEMENTED,NOT_RUN
TenantUser,P2,BACKGROUND_TASK,OWNER_APPROVED_POLICY,PURPOSE_MINIMUM_READ_ONLY,DENY,DENY,DENY,BLOCKED_NOT_IMPLEMENTED,NOT_RUN
TenantUser,P2,BACKEND_RUNTIME,OWNER_APPROVED_POLICY,CARRIER_OF_AUTHORIZED_PRINCIPAL_ONLY,CARRIER_OF_AUTHORIZED_PRINCIPAL_ONLY,CARRIER_OF_AUTHORIZED_PRINCIPAL_ONLY,CARRIER_OF_AUTHORIZED_PRINCIPAL_ONLY,BLOCKED_NOT_IMPLEMENTED,NOT_RUN
TenantUser,P2,MIGRATION_OWNER,OWNER_APPROVED_POLICY,DENY,DENY,DENY,DENY,BLOCKED_NOT_IMPLEMENTED,NOT_RUN
TenantUserRole,P2,USER,OWNER_APPROVED_POLICY,DENY,DENY,DENY,DENY,BLOCKED_NOT_IMPLEMENTED,NOT_RUN
TenantUserRole,P2,TENANT_ADMIN,OWNER_APPROVED_POLICY,TENANT_REDACTED_PROJECTION,APPROVED_TENANT_MANAGEMENT_COMMAND_ONLY,ONLY_EXPLICIT_FIELD_WHITELIST,DENY,BLOCKED_NOT_IMPLEMENTED,NOT_RUN
TenantUserRole,P2,PLATFORM_ADMIN,OWNER_APPROVED_POLICY,JIT_REDACTED_READ_ONLY,DENY,DENY,DENY,BLOCKED_NOT_IMPLEMENTED,NOT_RUN
TenantUserRole,P2,BACKGROUND_TASK,OWNER_APPROVED_POLICY,PURPOSE_MINIMUM_READ_ONLY,DENY,DENY,DENY,BLOCKED_NOT_IMPLEMENTED,NOT_RUN
TenantUserRole,P2,BACKEND_RUNTIME,OWNER_APPROVED_POLICY,CARRIER_OF_AUTHORIZED_PRINCIPAL_ONLY,CARRIER_OF_AUTHORIZED_PRINCIPAL_ONLY,CARRIER_OF_AUTHORIZED_PRINCIPAL_ONLY,CARRIER_OF_AUTHORIZED_PRINCIPAL_ONLY,BLOCKED_NOT_IMPLEMENTED,NOT_RUN
TenantUserRole,P2,MIGRATION_OWNER,OWNER_APPROVED_POLICY,DENY,DENY,DENY,DENY,BLOCKED_NOT_IMPLEMENTED,NOT_RUN
TreasuryPosition,P6,USER,OWNER_APPROVED_POLICY,DENY_PLATFORM_TREASURY,DENY,DENY,DENY,BLOCKED_NOT_IMPLEMENTED,NOT_RUN
TreasuryPosition,P6,TENANT_ADMIN,OWNER_APPROVED_POLICY,TENANT_REDACTED_AGGREGATE_ONLY_NO_PLATFORM_TREASURY,DENY,DENY,DENY,BLOCKED_NOT_IMPLEMENTED,NOT_RUN
TreasuryPosition,P6,PLATFORM_ADMIN,OWNER_APPROVED_POLICY,JIT_REDACTED_READ_ONLY,DENY,DENY,DENY,BLOCKED_NOT_IMPLEMENTED,NOT_RUN
TreasuryPosition,P6,BACKGROUND_TASK,OWNER_APPROVED_POLICY,PURPOSE_MINIMUM_READ_ONLY,PURPOSE_COMMAND_ONLY,APPROVED_STATE_COMMAND_ONLY_NO_ARBITRARY_DML,DENY,BLOCKED_NOT_IMPLEMENTED,NOT_RUN
TreasuryPosition,P6,BACKEND_RUNTIME,OWNER_APPROVED_POLICY,CARRIER_OF_AUTHORIZED_PRINCIPAL_ONLY,CARRIER_OF_AUTHORIZED_PRINCIPAL_ONLY,CARRIER_OF_AUTHORIZED_PRINCIPAL_ONLY,CARRIER_OF_AUTHORIZED_PRINCIPAL_ONLY,BLOCKED_NOT_IMPLEMENTED,NOT_RUN
TreasuryPosition,P6,MIGRATION_OWNER,OWNER_APPROVED_POLICY,DENY,DENY,DENY,DENY,BLOCKED_NOT_IMPLEMENTED,NOT_RUN
WalletAccount,P6,USER,OWNER_APPROVED_POLICY,OWN_SAFE_PROJECTION,DENY,DENY,DENY,BLOCKED_NOT_IMPLEMENTED,NOT_RUN
WalletAccount,P6,TENANT_ADMIN,OWNER_APPROVED_POLICY,TENANT_REDACTED_PROJECTION,DENY,DENY,DENY,BLOCKED_NOT_IMPLEMENTED,NOT_RUN
WalletAccount,P6,PLATFORM_ADMIN,OWNER_APPROVED_POLICY,JIT_REDACTED_READ_ONLY,DENY,DENY,DENY,BLOCKED_NOT_IMPLEMENTED,NOT_RUN
WalletAccount,P6,BACKGROUND_TASK,OWNER_APPROVED_POLICY,PURPOSE_MINIMUM_READ_ONLY,PURPOSE_COMMAND_ONLY,APPROVED_STATE_COMMAND_ONLY_NO_ARBITRARY_DML,DENY,BLOCKED_NOT_IMPLEMENTED,NOT_RUN
WalletAccount,P6,BACKEND_RUNTIME,OWNER_APPROVED_POLICY,CARRIER_OF_AUTHORIZED_PRINCIPAL_ONLY,CARRIER_OF_AUTHORIZED_PRINCIPAL_ONLY,CARRIER_OF_AUTHORIZED_PRINCIPAL_ONLY,CARRIER_OF_AUTHORIZED_PRINCIPAL_ONLY,BLOCKED_NOT_IMPLEMENTED,NOT_RUN
WalletAccount,P6,MIGRATION_OWNER,OWNER_APPROVED_POLICY,DENY,DENY,DENY,DENY,BLOCKED_NOT_IMPLEMENTED,NOT_RUN
WalletOperation,P6,USER,OWNER_APPROVED_POLICY,OWN_SAFE_PROJECTION,DENY,DENY,DENY,BLOCKED_NOT_IMPLEMENTED,NOT_RUN
WalletOperation,P6,TENANT_ADMIN,OWNER_APPROVED_POLICY,TENANT_REDACTED_PROJECTION,DENY,DENY,DENY,BLOCKED_NOT_IMPLEMENTED,NOT_RUN
WalletOperation,P6,PLATFORM_ADMIN,OWNER_APPROVED_POLICY,JIT_REDACTED_READ_ONLY,DENY,DENY,DENY,BLOCKED_NOT_IMPLEMENTED,NOT_RUN
WalletOperation,P6,BACKGROUND_TASK,OWNER_APPROVED_POLICY,PURPOSE_MINIMUM_READ_ONLY,PURPOSE_COMMAND_ONLY,APPROVED_STATE_COMMAND_ONLY_NO_ARBITRARY_DML,DENY,BLOCKED_NOT_IMPLEMENTED,NOT_RUN
WalletOperation,P6,BACKEND_RUNTIME,OWNER_APPROVED_POLICY,CARRIER_OF_AUTHORIZED_PRINCIPAL_ONLY,CARRIER_OF_AUTHORIZED_PRINCIPAL_ONLY,CARRIER_OF_AUTHORIZED_PRINCIPAL_ONLY,CARRIER_OF_AUTHORIZED_PRINCIPAL_ONLY,BLOCKED_NOT_IMPLEMENTED,NOT_RUN
WalletOperation,P6,MIGRATION_OWNER,OWNER_APPROVED_POLICY,DENY,DENY,DENY,DENY,BLOCKED_NOT_IMPLEMENTED,NOT_RUN
WalletTransaction,P6,USER,OWNER_APPROVED_POLICY,OWN_SAFE_PROJECTION,DENY,DENY,DENY,BLOCKED_NOT_IMPLEMENTED,NOT_RUN
WalletTransaction,P6,TENANT_ADMIN,OWNER_APPROVED_POLICY,TENANT_REDACTED_PROJECTION,DENY,DENY,DENY,BLOCKED_NOT_IMPLEMENTED,NOT_RUN
WalletTransaction,P6,PLATFORM_ADMIN,OWNER_APPROVED_POLICY,JIT_REDACTED_READ_ONLY,DENY,DENY,DENY,BLOCKED_NOT_IMPLEMENTED,NOT_RUN
WalletTransaction,P6,BACKGROUND_TASK,OWNER_APPROVED_POLICY,PURPOSE_MINIMUM_READ_ONLY,PURPOSE_COMMAND_ONLY,APPROVED_STATE_COMMAND_ONLY_NO_ARBITRARY_DML,DENY,BLOCKED_NOT_IMPLEMENTED,NOT_RUN
WalletTransaction,P6,BACKEND_RUNTIME,OWNER_APPROVED_POLICY,CARRIER_OF_AUTHORIZED_PRINCIPAL_ONLY,CARRIER_OF_AUTHORIZED_PRINCIPAL_ONLY,CARRIER_OF_AUTHORIZED_PRINCIPAL_ONLY,CARRIER_OF_AUTHORIZED_PRINCIPAL_ONLY,BLOCKED_NOT_IMPLEMENTED,NOT_RUN
WalletTransaction,P6,MIGRATION_OWNER,OWNER_APPROVED_POLICY,DENY,DENY,DENY,DENY,BLOCKED_NOT_IMPLEMENTED,NOT_RUN
WebhookEvent,P3,USER,OWNER_APPROVED_POLICY,OWN_DOMAIN_EVENT_SAFE_PROJECTION_ONLY,DENY,DENY,DENY,BLOCKED_NOT_IMPLEMENTED,NOT_RUN
WebhookEvent,P3,TENANT_ADMIN,OWNER_APPROVED_POLICY,TENANT_REDACTED_PROJECTION,DENY,DENY,DENY,BLOCKED_NOT_IMPLEMENTED,NOT_RUN
WebhookEvent,P3,PLATFORM_ADMIN,OWNER_APPROVED_POLICY,JIT_REDACTED_READ_ONLY,DENY,DENY,DENY,BLOCKED_NOT_IMPLEMENTED,NOT_RUN
WebhookEvent,P3,BACKGROUND_TASK,OWNER_APPROVED_POLICY,PURPOSE_MINIMUM_READ_ONLY,PURPOSE_COMMAND_ONLY,DENY_APPEND_ONLY_OR_CONFLICT_PENDING,DENY,BLOCKED_NOT_IMPLEMENTED,NOT_RUN
WebhookEvent,P3,BACKEND_RUNTIME,OWNER_APPROVED_POLICY,CARRIER_OF_AUTHORIZED_PRINCIPAL_ONLY,CARRIER_OF_AUTHORIZED_PRINCIPAL_ONLY,CARRIER_OF_AUTHORIZED_PRINCIPAL_ONLY,CARRIER_OF_AUTHORIZED_PRINCIPAL_ONLY,BLOCKED_NOT_IMPLEMENTED,NOT_RUN
WebhookEvent,P3,MIGRATION_OWNER,OWNER_APPROVED_POLICY,DENY,DENY,DENY,DENY,BLOCKED_NOT_IMPLEMENTED,NOT_RUN
WithdrawalAddress,P11,USER,OWNER_APPROVED_POLICY,OWN_SAFE_PROJECTION,OWN_CREATE_WITH_TRUSTED_OWNERSHIP,ONLY_EXPLICIT_FIELD_WHITELIST,BLOCKED_NO_DEACTIVATION_SCHEMA,BLOCKED_NOT_IMPLEMENTED,NOT_RUN
WithdrawalAddress,P11,TENANT_ADMIN,OWNER_APPROVED_POLICY,TENANT_REDACTED_ADDRESS_METADATA,DENY,DENY,DENY,BLOCKED_NOT_IMPLEMENTED,NOT_RUN
WithdrawalAddress,P11,PLATFORM_ADMIN,OWNER_APPROVED_POLICY,JIT_REDACTED_READ_ONLY,DENY,DENY,DENY,BLOCKED_NOT_IMPLEMENTED,NOT_RUN
WithdrawalAddress,P11,BACKGROUND_TASK,OWNER_APPROVED_POLICY,PURPOSE_MINIMUM_READ_ONLY,DENY,DENY,DENY,BLOCKED_NOT_IMPLEMENTED,NOT_RUN
WithdrawalAddress,P11,BACKEND_RUNTIME,OWNER_APPROVED_POLICY,CARRIER_OF_AUTHORIZED_PRINCIPAL_ONLY,CARRIER_OF_AUTHORIZED_PRINCIPAL_ONLY,CARRIER_OF_AUTHORIZED_PRINCIPAL_ONLY,CARRIER_OF_AUTHORIZED_PRINCIPAL_ONLY,BLOCKED_NOT_IMPLEMENTED,NOT_RUN
WithdrawalAddress,P11,MIGRATION_OWNER,OWNER_APPROVED_POLICY,DENY,DENY,DENY,DENY,BLOCKED_NOT_IMPLEMENTED,NOT_RUN
tenant_third_party_config,P10,USER,OWNER_APPROVED_POLICY,DENY,DENY,DENY,DENY,BLOCKED_NOT_IMPLEMENTED,NOT_RUN
tenant_third_party_config,P10,TENANT_ADMIN,OWNER_APPROVED_POLICY,TENANT_REDACTED_PROJECTION,DENY,DENY,DENY,BLOCKED_NOT_IMPLEMENTED,NOT_RUN
tenant_third_party_config,P10,PLATFORM_ADMIN,OWNER_APPROVED_POLICY,JIT_REDACTED_READ_ONLY,DENY,DENY,DENY,BLOCKED_NOT_IMPLEMENTED,NOT_RUN
tenant_third_party_config,P10,BACKGROUND_TASK,OWNER_APPROVED_POLICY,PURPOSE_MINIMUM_READ_ONLY,DENY,DENY,DENY,BLOCKED_NOT_IMPLEMENTED,NOT_RUN
tenant_third_party_config,P10,BACKEND_RUNTIME,OWNER_APPROVED_POLICY,CARRIER_OF_AUTHORIZED_PRINCIPAL_ONLY,CARRIER_OF_AUTHORIZED_PRINCIPAL_ONLY,CARRIER_OF_AUTHORIZED_PRINCIPAL_ONLY,CARRIER_OF_AUTHORIZED_PRINCIPAL_ONLY,BLOCKED_NOT_IMPLEMENTED,NOT_RUN
tenant_third_party_config,P10,MIGRATION_OWNER,OWNER_APPROVED_POLICY,DENY,DENY,DENY,DENY,BLOCKED_NOT_IMPLEMENTED,NOT_RUN
third_party_asset_orders,P6,USER,OWNER_APPROVED_POLICY,OWN_SAFE_PROJECTION,DENY,DENY,DENY,BLOCKED_NOT_IMPLEMENTED,NOT_RUN
third_party_asset_orders,P6,TENANT_ADMIN,OWNER_APPROVED_POLICY,TENANT_REDACTED_PROJECTION,DENY,DENY,DENY,BLOCKED_NOT_IMPLEMENTED,NOT_RUN
third_party_asset_orders,P6,PLATFORM_ADMIN,OWNER_APPROVED_POLICY,JIT_REDACTED_READ_ONLY,DENY,DENY,DENY,BLOCKED_NOT_IMPLEMENTED,NOT_RUN
third_party_asset_orders,P6,BACKGROUND_TASK,OWNER_APPROVED_POLICY,PURPOSE_MINIMUM_READ_ONLY,PURPOSE_COMMAND_ONLY,APPROVED_STATE_COMMAND_ONLY_NO_ARBITRARY_DML,DENY,BLOCKED_NOT_IMPLEMENTED,NOT_RUN
third_party_asset_orders,P6,BACKEND_RUNTIME,OWNER_APPROVED_POLICY,CARRIER_OF_AUTHORIZED_PRINCIPAL_ONLY,CARRIER_OF_AUTHORIZED_PRINCIPAL_ONLY,CARRIER_OF_AUTHORIZED_PRINCIPAL_ONLY,CARRIER_OF_AUTHORIZED_PRINCIPAL_ONLY,BLOCKED_NOT_IMPLEMENTED,NOT_RUN
third_party_asset_orders,P6,MIGRATION_OWNER,OWNER_APPROVED_POLICY,DENY,DENY,DENY,DENY,BLOCKED_NOT_IMPLEMENTED,NOT_RUN
third_party_callback_events,P3,USER,OWNER_APPROVED_POLICY,OWN_DOMAIN_EVENT_SAFE_PROJECTION_ONLY,DENY,DENY,DENY,BLOCKED_NOT_IMPLEMENTED,NOT_RUN
third_party_callback_events,P3,TENANT_ADMIN,OWNER_APPROVED_POLICY,TENANT_REDACTED_PROJECTION,DENY,DENY,DENY,BLOCKED_NOT_IMPLEMENTED,NOT_RUN
third_party_callback_events,P3,PLATFORM_ADMIN,OWNER_APPROVED_POLICY,JIT_REDACTED_READ_ONLY,DENY,DENY,DENY,BLOCKED_NOT_IMPLEMENTED,NOT_RUN
third_party_callback_events,P3,BACKGROUND_TASK,OWNER_APPROVED_POLICY,PURPOSE_MINIMUM_READ_ONLY,PURPOSE_COMMAND_ONLY,DENY_APPEND_ONLY_OR_CONFLICT_PENDING,DENY,BLOCKED_NOT_IMPLEMENTED,NOT_RUN
third_party_callback_events,P3,BACKEND_RUNTIME,OWNER_APPROVED_POLICY,CARRIER_OF_AUTHORIZED_PRINCIPAL_ONLY,CARRIER_OF_AUTHORIZED_PRINCIPAL_ONLY,CARRIER_OF_AUTHORIZED_PRINCIPAL_ONLY,CARRIER_OF_AUTHORIZED_PRINCIPAL_ONLY,BLOCKED_NOT_IMPLEMENTED,NOT_RUN
third_party_callback_events,P3,MIGRATION_OWNER,OWNER_APPROVED_POLICY,DENY,DENY,DENY,DENY,BLOCKED_NOT_IMPLEMENTED,NOT_RUN
treasury_accounts,P12,USER,OWNER_APPROVED_POLICY,DENY,DENY,DENY,DENY,BLOCKED_QUARANTINED,NOT_RUN
treasury_accounts,P12,TENANT_ADMIN,OWNER_APPROVED_POLICY,DENY,DENY,DENY,DENY,BLOCKED_QUARANTINED,NOT_RUN
treasury_accounts,P12,PLATFORM_ADMIN,OWNER_APPROVED_POLICY,DENY,DENY,DENY,DENY,BLOCKED_QUARANTINED,NOT_RUN
treasury_accounts,P12,BACKGROUND_TASK,OWNER_APPROVED_POLICY,DENY,DENY,DENY,DENY,BLOCKED_QUARANTINED,NOT_RUN
treasury_accounts,P12,BACKEND_RUNTIME,OWNER_APPROVED_POLICY,DENY,DENY,DENY,DENY,BLOCKED_QUARANTINED,NOT_RUN
treasury_accounts,P12,MIGRATION_OWNER,OWNER_APPROVED_POLICY,DENY,DENY,DENY,DENY,BLOCKED_QUARANTINED,NOT_RUN
treasury_fx_orders,P12,USER,OWNER_APPROVED_POLICY,DENY,DENY,DENY,DENY,BLOCKED_QUARANTINED,NOT_RUN
treasury_fx_orders,P12,TENANT_ADMIN,OWNER_APPROVED_POLICY,DENY,DENY,DENY,DENY,BLOCKED_QUARANTINED,NOT_RUN
treasury_fx_orders,P12,PLATFORM_ADMIN,OWNER_APPROVED_POLICY,DENY,DENY,DENY,DENY,BLOCKED_QUARANTINED,NOT_RUN
treasury_fx_orders,P12,BACKGROUND_TASK,OWNER_APPROVED_POLICY,DENY,DENY,DENY,DENY,BLOCKED_QUARANTINED,NOT_RUN
treasury_fx_orders,P12,BACKEND_RUNTIME,OWNER_APPROVED_POLICY,DENY,DENY,DENY,DENY,BLOCKED_QUARANTINED,NOT_RUN
treasury_fx_orders,P12,MIGRATION_OWNER,OWNER_APPROVED_POLICY,DENY,DENY,DENY,DENY,BLOCKED_QUARANTINED,NOT_RUN
treasury_operation_logs,P12,USER,OWNER_APPROVED_POLICY,DENY,DENY,DENY,DENY,BLOCKED_QUARANTINED,NOT_RUN
treasury_operation_logs,P12,TENANT_ADMIN,OWNER_APPROVED_POLICY,DENY,DENY,DENY,DENY,BLOCKED_QUARANTINED,NOT_RUN
treasury_operation_logs,P12,PLATFORM_ADMIN,OWNER_APPROVED_POLICY,DENY,DENY,DENY,DENY,BLOCKED_QUARANTINED,NOT_RUN
treasury_operation_logs,P12,BACKGROUND_TASK,OWNER_APPROVED_POLICY,DENY,DENY,DENY,DENY,BLOCKED_QUARANTINED,NOT_RUN
treasury_operation_logs,P12,BACKEND_RUNTIME,OWNER_APPROVED_POLICY,DENY,DENY,DENY,DENY,BLOCKED_QUARANTINED,NOT_RUN
treasury_operation_logs,P12,MIGRATION_OWNER,OWNER_APPROVED_POLICY,DENY,DENY,DENY,DENY,BLOCKED_QUARANTINED,NOT_RUN
treasury_settlements,P12,USER,OWNER_APPROVED_POLICY,DENY,DENY,DENY,DENY,BLOCKED_QUARANTINED,NOT_RUN
treasury_settlements,P12,TENANT_ADMIN,OWNER_APPROVED_POLICY,DENY,DENY,DENY,DENY,BLOCKED_QUARANTINED,NOT_RUN
treasury_settlements,P12,PLATFORM_ADMIN,OWNER_APPROVED_POLICY,DENY,DENY,DENY,DENY,BLOCKED_QUARANTINED,NOT_RUN
treasury_settlements,P12,BACKGROUND_TASK,OWNER_APPROVED_POLICY,DENY,DENY,DENY,DENY,BLOCKED_QUARANTINED,NOT_RUN
treasury_settlements,P12,BACKEND_RUNTIME,OWNER_APPROVED_POLICY,DENY,DENY,DENY,DENY,BLOCKED_QUARANTINED,NOT_RUN
treasury_settlements,P12,MIGRATION_OWNER,OWNER_APPROVED_POLICY,DENY,DENY,DENY,DENY,BLOCKED_QUARANTINED,NOT_RUN
ucard_card_base,P5,USER,OWNER_APPROVED_POLICY,OWN_SAFE_PROJECTION,DENY,DENY,DENY,BLOCKED_NOT_IMPLEMENTED,NOT_RUN
ucard_card_base,P5,TENANT_ADMIN,OWNER_APPROVED_POLICY,TENANT_REDACTED_PROJECTION,DENY,DENY,DENY,BLOCKED_NOT_IMPLEMENTED,NOT_RUN
ucard_card_base,P5,PLATFORM_ADMIN,OWNER_APPROVED_POLICY,JIT_REDACTED_READ_ONLY,DENY,DENY,DENY,BLOCKED_NOT_IMPLEMENTED,NOT_RUN
ucard_card_base,P5,BACKGROUND_TASK,OWNER_APPROVED_POLICY,PURPOSE_MINIMUM_READ_ONLY,PURPOSE_COMMAND_ONLY,APPROVED_STATE_COMMAND_ONLY_NO_ARBITRARY_DML,DENY,BLOCKED_NOT_IMPLEMENTED,NOT_RUN
ucard_card_base,P5,BACKEND_RUNTIME,OWNER_APPROVED_POLICY,CARRIER_OF_AUTHORIZED_PRINCIPAL_ONLY,CARRIER_OF_AUTHORIZED_PRINCIPAL_ONLY,CARRIER_OF_AUTHORIZED_PRINCIPAL_ONLY,CARRIER_OF_AUTHORIZED_PRINCIPAL_ONLY,BLOCKED_NOT_IMPLEMENTED,NOT_RUN
ucard_card_base,P5,MIGRATION_OWNER,OWNER_APPROVED_POLICY,DENY,DENY,DENY,DENY,BLOCKED_NOT_IMPLEMENTED,NOT_RUN
ucard_transactions,P5,USER,OWNER_APPROVED_POLICY,OWN_SAFE_PROJECTION,DENY,DENY,DENY,BLOCKED_NOT_IMPLEMENTED,NOT_RUN
ucard_transactions,P5,TENANT_ADMIN,OWNER_APPROVED_POLICY,TENANT_REDACTED_PROJECTION,DENY,DENY,DENY,BLOCKED_NOT_IMPLEMENTED,NOT_RUN
ucard_transactions,P5,PLATFORM_ADMIN,OWNER_APPROVED_POLICY,JIT_REDACTED_READ_ONLY,DENY,DENY,DENY,BLOCKED_NOT_IMPLEMENTED,NOT_RUN
ucard_transactions,P5,BACKGROUND_TASK,OWNER_APPROVED_POLICY,PURPOSE_MINIMUM_READ_ONLY,PURPOSE_COMMAND_ONLY,APPROVED_STATE_COMMAND_ONLY_NO_ARBITRARY_DML,DENY,BLOCKED_NOT_IMPLEMENTED,NOT_RUN
ucard_transactions,P5,BACKEND_RUNTIME,OWNER_APPROVED_POLICY,CARRIER_OF_AUTHORIZED_PRINCIPAL_ONLY,CARRIER_OF_AUTHORIZED_PRINCIPAL_ONLY,CARRIER_OF_AUTHORIZED_PRINCIPAL_ONLY,CARRIER_OF_AUTHORIZED_PRINCIPAL_ONLY,BLOCKED_NOT_IMPLEMENTED,NOT_RUN
ucard_transactions,P5,MIGRATION_OWNER,OWNER_APPROVED_POLICY,DENY,DENY,DENY,DENY,BLOCKED_NOT_IMPLEMENTED,NOT_RUN
